stock_id,近一日收盤價,近一季股本,近一季合約負債_流動,當月營收,rev_year_growth_營收年增率,rev_month_growth_營收月增率,累計營收,近3月平均營收,近12月平均營收,近一季營業毛利率,最近一季營業毛利年增率,近一季營業利益率,近一季營業利益年增率,近一季稅後淨利率,近一季稅後淨利率,近一季稅後淨利年增率,近一季每股盈餘EPS,eps_growth_rate_EPS年增率,近一日殖利率,近一季存貨,最近一日外資買賣超張數,最近一日投信買賣超張數,name,category
2528,33.7,3799974.0,1951136.0,21.0,-34.37,0.0,1849957.0,21.0,203531.41666666666,-17.46031746031746,-136.66666666666666,-58926.984126984134,-262.6453062420631,-57225.396825396834,-57225.396825396834,-275.97246845343625,-0.09,200.0,1.48,18901327.0,20.05,0.0,皇普,"['建材營造', '建材營造:建設業']"
2603,147.0,21164201.0,7439480.0,22699856.0,-37.1,-2.84,253087884.0,23515872.0,23518701.333333332,17.04235214616013,-89.03013320730855,12.031251978543109,-91.98145640999505,31.663290273551432,31.663290273551432,-77.62072799107966,10.35,-72.21476510067114,47.62,12082846.0,7338.826,8405.0,長榮,"['交通運輸及航運', '交通運輸及航運:貨櫃航運']"
2066,92.6,419317.0,2155.0,241059.0,-1.04,15.59,2556204.0,225378.33333333334,232168.75,33.07862371262502,5.096881516365595,13.13561259359878,27.064043485084106,13.114816961566428,13.114816961566428,3.7681024120990045,2.14,-11.934156378600825,4.77,1187848.0,58.0,0.0,世德,"['電動車輛產業', '電動車輛產業:大功率鋰電池芯_模組、電池管理系統、動力馬達等零組件', '電機機械', '電機機械:五金元件及零配件', '電機機械:機械設備之沖壓零組件', '電機機械:車用機械傳動設備及零配件']"
6275,47.8,743990.0,,299547.0,9.23,-1.16,3414051.0,307351.3333333333,306184.3333333333,19.67640918580376,20.69421955709334,5.7169383330656816,35.31382144723714,6.710795728280071,6.710795728280071,22.31714902491676,0.93,17.721518987341778,4.41,788589.0,-1441.0,0.0,元山,"['通信網路', '通信網路:其他零組件', '醫療器材', '醫療器材:塑化材料', '電動車輛產業', '電動車輛產業:大功率鋰電池芯_模組、電池管理系統、動力馬達等零組件', '電機機械', '電機機械:冷凍空調設備及零件', '電機機械:機電系統工程', '電機機械:車用機械傳動設備及零配件', '電腦及週邊設備', '電腦及週邊設備:散熱片、風扇馬達、散熱模組']"
8932,105.0,687281.0,,105257.0,204.83,46.13,897710.0,88098.0,78145.0,46.86847995144342,440.93695271453595,24.40473932450716,382.1499926904147,10.75916020720846,10.75916020720846,324.28609085317635,0.35,-284.2105263157895,0.0,91070.0,-151.0,0.0,宏大,"['其他', '其他:其他']"
9958,181.5,2359661.0,852838.0,1546059.0,63.76,19.48,12379187.0,1361867.6666666667,1121821.8333333333,18.35604300343731,246.20849157155126,14.879117985126012,493.3952562251105,11.910108660764987,11.910108660764987,207.2184207360652,1.32,94.11764705882352,0.27,1788629.0,1643.011,0.0,世紀鋼,"['建材營造', '建材營造:工程承攬', '風力發電', '風力發電:其他配件', '風力發電:塔架', '風力發電:電纜']"
8349,62.0,1606355.0,,1141071.0,8.6,5.46,11035713.0,1091337.0,996093.5,17.51473558583923,-11.146931506493168,4.467728410388868,-30.645690589604115,4.185476519474164,4.185476519474164,-35.613063444823304,0.85,-45.51282051282052,4.82,4279455.0,47.0,-45.0,恒耀國際,"['鋼鐵', '鋼鐵:螺絲螺帽', '電動車輛產業', '電動車輛產業:大功率鋰電池芯_模組、電池管理系統、動力馬達等零組件']"
1436,77.5,979743.0,943492.0,468669.0,179.14,-45.52,1626396.0,463610.6666666667,145103.08333333334,58.03938069696939,-85.43023349041896,27.853934520972956,-91.22732505504577,11.040587263122674,11.040587263122674,-95.53616082775132,0.26,-94.86166007905138,6.63,10258977.0,-8.0,0.0,華友聯,"['建材營造', '建材營造:建設業']"
6613,139.0,358897.0,1684807.0,953720.0,-11.39,19.99,8203306.0,839651.6666666666,752163.8333333334,21.93821772987041,11.117478269448346,12.966029697595099,-1.7892513081938293,11.01032329184953,11.01032329184953,-12.20419749577838,3.52,-9.511568123393321,6.11,2024746.0,46.0,0.0,朋億,"['LED照明產業', 'LED照明產業:生產製程、檢測設備及原物料', '半導體', '半導體:生產製程及檢測設備', '平面顯示器', '平面顯示器:生產製程及檢測設備']"
2641,20.9,2700305.0,390.0,128534.0,43.67,0.81,1197730.0,125262.33333333333,108551.25,51.51126946635174,7.388639832125143,43.95034686279332,22.548777278997264,47.09098499882759,47.09098499882759,-51.502372166578816,0.67,-59.63855421686747,7.16,704993.0,-295.0,0.0,正德,"['交通運輸及航運', '交通運輸及航運:散裝航運']"
1316,12.8,2790580.0,812517.0,97947.0,12.02,158.73,798239.0,71141.0,74145.83333333333,22.931730470656078,-81.53824176707187,-23.412478374661756,-140.0624329889082,-27.05218914962516,-27.05218914962516,-154.03067722465252,-0.15,-130.0,4.3,7362544.0,-178.0,0.0,上曜,"['石化及塑橡膠', '石化及塑橡膠:塑膠製品']"
6469,340.0,1117037.0,25758.0,1383432.0,15.48,-4.37,14764999.0,1393491.0,1336856.1666666667,27.48006363849389,13.693888235192068,4.839830790671288,-5.692643397514155,4.039145073566592,4.039145073566592,-3.382580272116871,1.47,-22.631578947368414,2.05,2769742.0,-141.851,0.0,大樹,"['製藥', '製藥:藥品代理銷售及通路', '醫療器材', '醫療器材:醫療院所、醫療器材專賣店、藥局等通路', '食品生技', '食品生技:保健食品代理銷售及通路']"
6670,211.5,1325735.0,53996.0,2356513.0,-22.64,14.34,21804091.0,2100047.6666666665,2076632.4166666667,23.19087845822703,-40.52052875527717,10.913645013058689,-57.10540904232474,9.983298429149034,9.983298429149034,-63.766850592340695,3.55,-65.66731141199227,10.4,2858532.0,207.0,-321.0,復盛應用,"['休閒娛樂', '休閒娛樂:高爾夫球具業']"
8433,92.0,528568.0,22159.0,344636.0,42.35,9.24,3091897.0,315750.0,284476.5,29.052158771121633,15.021439875914746,16.246217552379143,10.818243258989956,19.03415335241308,19.03415335241308,-23.614500781528506,3.18,-24.28571428571429,5.43,20697.0,39.0,0.0,弘帆,"['貿易百貨', '貿易百貨:貿易商、代理商、經銷商']"
5011,26.35,1000587.0,123829.0,672192.0,46.4,42.79,3778152.0,454412.0,350538.75,1.5611249859500123,-92.67852091851167,-2.752975170587413,-120.46943954666366,-0.5421239195216699,-0.5421239195216699,-103.70443220561239,0.01,-99.06542056074767,7.56,261211.0,-28.0,0.0,久陽,"['鋼鐵', '鋼鐵:螺絲螺帽']"
6414,267.0,1282162.0,10643842.0,11159473.0,0.43,9.66,108750958.0,10706735.333333334,10270335.833333334,20.241708147179434,2.5742349537363935,4.605972286042389,13.8053535203602,5.16744439012499,5.16744439012499,9.40492720135952,6.02,-2.1138211382113914,4.77,23770197.0,50.593,-286.0,樺漢,"['電腦及週邊設備', '電腦及週邊設備:工業電腦']"
4906,35.6,4001211.0,426028.0,1906562.0,-37.13,4.66,23963702.0,1915975.6666666667,2209719.1666666665,10.43405689685362,-2.410381686811417,0.8793020160565934,-52.64778432847571,5.635872091720033,5.635872091720033,50.02010523903616,0.9,57.89473684210529,4.21,4686478.0,953.0,-4.17,正文,"['通信網路', '通信網路:網路設備(如數據機、網路卡、閘道器、路由器、網路電話)']"
5388,133.5,2681781.0,615984.0,5476826.0,-2.48,10.15,57399778.0,5369121.666666667,5345002.083333333,17.788448923330435,14.731484256262037,5.488299307137124,24.675830686138394,4.200984377017959,4.200984377017959,24.618077506487985,2.53,21.052631578947366,3.37,16556112.0,1372.95,-916.0,中磊,"['通信網路', '通信網路:網路設備(如數據機、網路卡、閘道器、路由器、網路電話)']"
8112,61.3,5286183.0,,19087746.0,84.68,36.12,136080997.0,15807842.666666666,12282567.666666666,4.580493259542342,50.398043682576834,3.1260720921427683,86.64261625386655,1.9488409289501594,1.9488409289501594,78.41958918061451,1.53,50.0,7.18,19565864.0,443.588,-2404.0,至上,"['半導體', '半導體:IC通路']"
6486,74.4,431373.0,440178.0,483471.0,190.7,336.33,1769743.0,241002.33333333334,195680.0,46.141054828818795,-3.1047542258839296,7.639208094267282,-31.648723841780573,6.941883290702516,6.941883290702516,-13.040238450074515,0.62,-17.333333333333336,6.9,859862.0,-3.0,0.0,互動,"['軟體服務', '軟體服務:系統整合服務', '通信網路', '通信網路:光通訊設備(如光纖電纜、光傳輸設備)', '通信網路:無線通訊設備(如行動電話、衛星定位系統、衛星通訊設備、微波通訊設備、數位機上盒)', '通信網路:網路設備(如數據機、網路卡、閘道器、路由器、網路電話)']"
2065,62.4,524339.0,11352.0,209363.0,-6.33,1.34,2113928.0,202587.66666666666,194937.25,22.300613315628024,-26.86502552174194,15.097848765389532,-30.27369340515359,15.0795261333927,15.0795261333927,-32.666203341221596,1.46,-31.775700934579444,8.81,535370.0,0.0,0.0,世豐,"['鋼鐵', '鋼鐵:螺絲螺帽']"
1341,63.0,516636.0,6090.0,179933.0,-28.5,-20.93,2287055.0,209622.66666666666,211699.5,19.751860502339515,1.4243536546441111,9.496370680130347,-9.736787687217511,7.586063287382149,7.586063287382149,-31.050408892529767,0.95,-32.14285714285714,9.71,606120.0,1.0,0.0,無資料,無資料
1582,82.4,1237258.0,,748163.0,14.78,-7.38,8064521.0,814228.3333333334,716130.9166666666,25.002056750413832,55.42768196867125,12.670496660512976,455.4059233449477,10.14735076636309,10.14735076636309,52.522446638828654,2.03,54.961832061068684,3.64,776577.0,499.0,0.0,信錦,"['電腦及週邊設備', '電腦及週邊設備:機構樞紐', '電腦及週邊設備:金屬、塑膠模具']"
6578,20.1,597103.0,2621.0,34242.0,-5.47,9.23,349405.0,31089.0,32196.0,11.249597941460276,92.54817145104207,-13.980149795524513,11.926472716746272,-33.95441804898221,-33.95441804898221,-340.70374235872964,-0.5,194.1176470588235,3.31,17430.0,17.0,0.0,達邦蛋白,"['食品', '食品:原物料']"
1514,82.0,2469353.0,629828.0,1169516.0,52.01,24.61,8205250.0,961750.0,757432.0833333334,17.884592588482462,19.587427187576946,8.139049814497682,75.68924216027875,8.025201076443098,8.025201076443098,21.985554584349266,0.66,24.52830188679245,1.59,3044221.0,2295.0,0.0,亞力,"['汽電共生', '汽電共生:配電系統', '電機機械', '電機機械:機電系統工程', '風力發電', '風力發電:電力系統']"
4306,18.3,6582467.0,923433.0,1466160.0,39.33,11.92,11995358.0,1284362.3333333333,1082013.4166666667,18.08031504236135,-9.879740805471604,5.536184681052521,-30.89242048960469,8.168404876523597,8.168404876523597,-9.195871356303078,0.38,-9.523809523809524,5.36,9456609.0,1796.0,0.0,炎洲,"['石化及塑橡膠', '石化及塑橡膠:塑膠製品']"
8466,49.6,660590.0,27212.0,242358.0,27.44,34.29,2465648.0,210953.66666666666,218836.75,19.69412897895222,-16.7559996264824,5.987224936264597,67.05157181015,-1.233764225403142,-1.233764225403142,-116.29037590183383,-0.05,-105.88235294117648,3.02,370392.0,-2.0,0.0,無資料,無資料
2383,365.5,3416111.0,,4224837.0,39.57,-2.84,36987398.0,4303591.333333333,3308654.6666666665,30.183398864508078,40.62363412794881,21.106916408529504,56.83755629520747,17.031713585269813,17.031713585269813,54.65948135113909,6.04,53.68956743002544,2.3,5598287.0,1958.575,-2796.306,台光電,"['印刷電路板', '印刷電路板:銅箔基板', '太空衛星科技', '太空衛星科技:低軌衛星']"
6290,64.0,1537736.0,13260.0,705747.0,17.12,15.66,6700673.0,665318.3333333334,609473.25,29.27930420874137,41.04212700547603,16.447711201156327,75.43061959232729,20.316165409972484,20.316165409972484,42.26465423034087,2.64,38.219895287958124,3.3,1521942.0,-73.0,0.0,良維,"['連接器', '連接器:連接器設計、組裝及製造']"
1532,39.3,3775478.0,4846265.0,1022476.0,-9.51,0.38,15009174.0,1080859.6666666667,1353849.6666666667,23.769261500928494,69.39996913394559,12.048839937700341,258.01243252085715,9.948951643257193,9.948951643257193,145.20142742778057,1.02,96.15384615384615,3.05,22162205.0,25.0,118.0,勤美,"['休閒娛樂', '休閒娛樂:娛樂服務業', '休閒娛樂:旅館服務業', '建材營造', '建材營造:建材原料', '建材營造:建設業', '貿易百貨', '貿易百貨:零售通路', '電機機械', '電機機械:鋼鑄鐵元件']"
3010,99.3,2360202.0,531517.0,5835256.0,1.77,-4.27,61495540.0,6192438.0,5538926.583333333,8.139984429419512,7.66790249411817,3.6745812823577606,-0.7296740259057717,4.093547357746521,4.093547357746521,-2.7052966228780515,3.02,-3.205128205128205,6.14,4879309.0,-167.0,0.0,華立,"['半導體', '半導體:IC通路', '半導體:化學品', '太陽能產業', '太陽能產業:矽晶圓_矽晶片', '平面顯示器', '平面顯示器:其他零組件', '平面顯示器:化學品(如光阻劑、靶材等)', '連接器', '連接器:塑膠材料', '電腦及週邊設備', '電腦及週邊設備:其他電腦及週邊設備之零組件']"
4714,13.6,1400485.0,215488.0,47389.0,-10.82,38.7,472127.0,40128.0,44995.583333333336,17.80243312284488,-27.23889597188243,-23.16946709045383,-344.76452500404594,-23.11213779265342,-23.11213779265342,10.332646452752428,-0.04,-55.55555555555556,0.0,2148094.0,-242.0,0.0,永捷,"['建材營造', '建材營造:建設業', '石化及塑橡膠', '石化及塑橡膠:人造纖維', '石化及塑橡膠:塑膠製品', '石化及塑橡膠:接著劑(合成樹脂)', '食品', '食品:原物料']"
8147,72.9,331806.0,,101067.0,-1.12,12.63,968235.0,95325.66666666667,87259.0,41.483214950806705,13.112485170938633,10.77671022923911,37.40701828115151,12.664678059954845,12.664678059954845,-4.234478977145279,1.17,-5.645161290322587,3.64,111404.0,-23.0,0.0,正淩,"['連接器', '連接器:連接器設計、組裝及製造']"
2034,27.3,4475783.0,520210.0,1089958.0,-5.94,-17.92,14192278.0,1196411.0,1268369.4166666667,10.087285971345967,-18.731836614216125,5.190193323501019,9.94733853870956,-4.620663302565959,-4.620663302565959,-170.75736695057572,-0.42,-170.0,5.49,5018647.0,47.0,0.0,允強,"['鋼鐵', '鋼鐵:不鏽鋼型鋼', '鋼鐵:冷熱軋不鏽鋼板捲', '鋼鐵:裁剪加工', '鋼鐵:製管']"
1815,16.05,4502088.0,,237227.0,-26.82,-11.67,2996521.0,264051.3333333333,275561.4166666667,-2.429276823372081,-107.92060943245136,-18.374267050714945,-285.7635006890097,-13.752185989095771,-13.752185989095771,-294.65264000873634,-0.24,-300.0,1.87,1326274.0,-1151.0,0.0,富喬,"['印刷電路板', '印刷電路板:玻璃纖維_玻纖布']"
2462,37.8,1461521.0,,380278.0,-2.78,5.01,3616104.0,373675.6666666667,334767.1666666667,19.63386223397557,83.45979806020125,9.859015385527085,682.9044117647059,15.851648555153078,15.851648555153078,125.90921087358143,1.18,118.5185185185185,1.59,697566.0,122.0,0.0,良得電,"['連接器', '連接器:連接器設計、組裝及製造']"
3047,15.8,2129664.0,120327.0,327599.0,-29.19,-12.8,3954104.0,361152.6666666667,373537.25,27.565574749986933,-31.493846981958573,-3.5899935022742038,-167.8895519226016,-1.9369944657300977,-1.9369944657300977,-114.76662918309539,0.02,-96.66666666666667,6.2,1413172.0,-526.0,0.0,訊舟,"['通信網路', '通信網路:網路設備(如數據機、網路卡、閘道器、路由器、網路電話)']"
3028,34.25,2282388.0,,2823650.0,0.57,0.88,29906133.0,2969638.3333333335,2733115.5833333335,7.172284335841662,2.5986894276413626,2.7983072895226493,-3.9600342090292244,2.144769557557096,2.144769557557096,37.32533948100875,0.86,32.30769230769231,8.5,9472028.0,60.0,0.0,增你強,"['半導體', '半導體:IC通路', '電腦及週邊設備', '電腦及週邊設備:隨身碟、記憶卡讀卡機']"
6156,25.65,780276.0,2789.0,320280.0,-8.12,9.64,3020759.0,306388.3333333333,280385.3333333333,17.0922009736135,-2.028638080140226,5.873160421374527,-2.6154391066867997,7.625664721688197,7.625664721688197,-47.52997601918465,0.79,-41.04477611940298,3.12,334054.0,2.0,0.0,松上,"['印刷電路板', '印刷電路板:硬板、軟板、IC載板製造', '被動元件', '被動元件:電感器']"
3324,335.5,884275.0,,1134393.0,-8.35,-5.31,11702161.0,1189135.3333333333,1070542.5,26.540281374235292,34.699489689875044,13.687625685092938,77.25794308644585,14.252682379773313,14.252682379773313,17.585185255189558,5.71,20.46413502109703,1.94,2115852.0,-847.723,-20.4,雙鴻,"['電腦及週邊設備', '電腦及週邊設備:散熱片、風扇馬達、散熱模組']"
6203,91.9,823582.0,9112.0,281835.0,0.48,33.63,3114111.0,265253.0,275382.25,32.29818151479726,87.57304844685264,21.465919045714966,171.18343423437318,23.55555419895793,23.55555419895793,61.431938304489094,2.87,60.33519553072626,5.37,1304316.0,-174.0,0.0,海韻電,"['電腦及週邊設備', '電腦及週邊設備:電源供應器']"
3512,33.35,840030.0,360885.0,116491.0,529.57,-72.39,2942648.0,285316.6666666667,247404.41666666666,23.670990757256362,212.33805830435944,17.37400681044268,325.5436185634569,10.416085616993676,10.416085616993676,124.70746681125706,1.53,125.0,9.0,3594638.0,-42.0,0.0,皇龍,"['建材營造', '建材營造:建設業', '運動科技', '運動科技:裝置_器材零組件', '電腦及週邊設備', '電腦及週邊設備:散熱片、風扇馬達、散熱模組']"
1586,33.0,863030.0,14730.0,235108.0,18.04,4.0,2074802.0,225810.66666666666,190082.33333333334,12.550856084515576,41.63128877960697,-0.3947623765410032,92.69836272040303,-1.7671531827823002,-1.7671531827823002,-329.4993793959454,-0.13,333.33333333333337,0.76,584832.0,-7.0,0.0,和勤,"['電機機械', '電機機械:機械設備之沖壓零組件', '電機機械:車用機械傳動設備及零配件', '電腦及週邊設備', '電腦及週邊設備:其他電腦及週邊設備之零組件', '電腦及週邊設備:金屬、塑膠模具']"
6248,28.2,685651.0,341988.0,689082.0,27.06,8.27,7095136.0,626152.3333333334,641361.5,6.2185548217253075,-1.8808747454077779,3.091945064947815,-30.44402939291898,2.179633402703119,2.179633402703119,-38.66643929058663,0.53,-45.360824742268036,6.45,622216.0,-114.0,0.0,沛波,"['鋼鐵', '鋼鐵:裁剪加工']"
6257,67.8,4567410.0,25720.0,1313460.0,-5.6,-2.84,14131317.0,1350069.0,1288895.0833333333,25.67325098459917,-20.520493153968303,15.35604528648098,-26.639542746181366,20.93580350502304,20.93580350502304,-22.18549210217488,1.61,-25.806451612903214,6.19,398306.0,349.8,137.432,矽格,"['半導體', '半導體:IC封裝測試']"
4129,84.6,881133.0,4280.0,380716.0,16.11,-6.42,3583351.0,366782.3333333333,322529.9166666667,77.99992508281025,29.279705964785308,18.321105777720696,129.6688848341741,12.094524088552118,12.094524088552118,41.82071458152931,1.3,28.712871287128717,2.69,1626815.0,60.0,-20.0,聯合,"['醫療器材', '醫療器材:人工關節']"
3413,201.0,971861.0,,1117907.0,-22.67,3.85,11865796.0,1079381.3333333333,1098662.6666666667,25.407158463924144,-38.40973258835611,13.764307655922877,-50.511043417553026,15.901855997591987,15.901855997591987,-40.1391574424066,4.87,-40.17199017199018,6.86,2791335.0,9.0,0.0,京鼎,"['LED照明產業', 'LED照明產業:燈具_應用', '半導體', '半導體:生產製程及檢測設備']"
8103,43.7,789561.0,,245691.0,8.56,9.56,2717469.0,244408.0,248051.25,36.662575581579404,16.422371295454987,13.92685724304698,67.21879477208269,13.376021858083181,13.376021858083181,6.448518439565125,1.4,6.060606060606055,4.58,415953.0,138.0,0.0,瀚荃,"['連接器', '連接器:連接器設計、組裝及製造', '電腦及週邊設備', '電腦及週邊設備:連接線']"
3416,120.5,782048.0,48401.0,191617.0,-24.8,2.93,2371342.0,198392.66666666666,218342.91666666666,40.91592531341534,-0.9952500240527665,22.533948112881063,-3.751391675734836,23.341103981880597,23.341103981880597,-2.632936897975231,2.05,-8.482142857142872,3.95,498221.0,-40.0,0.0,融程電,"['觸控面板', '觸控面板:觸控面板', '電腦及週邊設備', '電腦及週邊設備:工業電腦']"
2236,71.2,466111.0,81570.0,178163.0,30.75,-15.96,1692766.0,191461.0,154120.91666666666,32.13353640966534,75.80937580937581,8.754579508500392,123.36291550701044,6.54241962705306,6.54241962705306,171.86965446459118,0.72,140.0,0.38,494170.0,-95.0,0.0,無資料,無資料
2906,18.8,2091111.0,39202.0,655424.0,5.29,-6.79,7150392.0,672270.3333333334,653337.9166666666,29.95832425283685,11.19004705378314,5.977255470936938,54.77208894843979,4.535471653426557,4.535471653426557,2.6960038755759848,0.15,-37.5,3.19,1428138.0,530.0,0.0,高林,"['貿易百貨', '貿易百貨:貿易商、代理商、經銷商']"
5230,26.5,469559.0,,125028.0,11.08,5.3,1142563.0,120244.0,104306.41666666667,31.809355903129354,12.891190614595994,2.6457169404505225,75.78155916106054,2.977176075380895,2.977176075380895,-16.139585605234462,0.19,-26.923076923076927,3.02,439354.0,-60.0,0.0,雷笛克光學,"['LED照明產業', 'LED照明產業:封裝_模組', 'LED照明產業:燈具_應用', '汽車', '汽車:車燈']"
1342,122.0,713475.0,6914.0,221216.0,-12.01,9.34,2339639.0,221383.66666666666,215285.83333333334,33.433107109107596,11.232067552863425,25.025433269882036,21.002157057074562,23.201020043677403,23.201020043677403,18.36362797564126,2.19,14.659685863874339,4.4,824843.0,203.0,25.0,八貫,"['其他', '其他:其他', '航太週邊', '航太週邊:航空零組件']"
3346,47.2,1135217.0,7218.0,861408.0,13.61,1.17,8027016.0,891893.6666666666,731540.0,12.073897525081932,11.082751500010831,2.96301906101282,33.127060524320804,3.7677833724682626,3.7677833724682626,60.445142532500086,0.85,51.785714285714256,0.59,3024339.0,-644.0,0.0,麗清,"['LED照明產業', 'LED照明產業:封裝_模組', 'LED照明產業:燈具_應用']"
3290,26.2,1075785.0,,175477.0,-12.46,-2.3,1692270.0,181645.66666666666,154468.66666666666,30.347038170579175,7.803414529609258,13.997554766395734,16.67029817474817,12.083797512135678,12.083797512135678,-22.40085744908896,0.56,-28.205128205128204,2.17,208934.0,-106.0,0.0,東浦,"['汽車', '汽車:其他', '通信網路', '通信網路:塑膠_金屬機殼', '電腦及週邊設備', '電腦及週邊設備:其他電腦及週邊設備之零組件']"
5263,119.0,647121.0,79547.0,82952.0,18.05,3.54,762559.0,79826.0,70812.5,37.57913757913758,2.4017853979949697,-14.76194809528143,17.950817697921433,0.0190666857333524,0.0190666857333524,-99.950931192149,0.0,-100.0,1.22,245175.0,-2.0,0.0,智崴,"['休閒娛樂', '休閒娛樂:娛樂服務業', '文化創意業', '文化創意業:數位內容產業', '軟體服務', '軟體服務:應用_系統軟體設計開發', '體驗科技', '體驗科技:IT服務', '體驗科技:其他', '體驗科技:地圖', '體驗科技:垂直應用方案', '體驗科技:培訓', '體驗科技:安防', '體驗科技:工作流程引導', '體驗科技:應用軟體_內容', '體驗科技:會議', '體驗科技:物流', '體驗科技:系統整合', '體驗科技:製造', '體驗科技:資服', '體驗科技:遊戲', '體驗科技:醫療', '體驗科技:重工業']"
4164,60.4,1660503.0,78265.0,381491.0,60.87,-45.78,3509226.0,450680.3333333333,324421.5833333333,24.810989389377447,-30.619316049448237,10.949262326528455,-47.50791267783215,5.605857464919333,5.605857464919333,-61.62227378190255,0.26,-58.73015873015872,3.26,907049.0,-486.0,-80.0,承業醫,"['其他', '其他:其他', '醫療器材', '醫療器材:醫療器材代理', '醫療器材:醫療器材代理銷售及通路', '醫療器材:醫療院所、醫療器材專賣店、藥局等通路']"
1338,42.65,838400.0,58678.0,553245.0,-8.24,18.29,5215269.0,507498.0,475549.8333333333,24.428279479426113,-15.136950954243575,3.2354688857975074,-28.58171677239435,1.5645955334160786,1.5645955334160786,-57.184377493256335,0.21,-66.66666666666667,4.69,910657.0,29.0,0.0,廣華-KY,"['汽車', '汽車:其他']"
6591,48.4,355681.0,,101810.0,-27.83,-10.6,1254461.0,121047.0,117937.41666666667,31.474630021141646,196.17225992377055,11.554800339847068,355.1761754118032,11.337209302325581,11.337209302325581,185.60851169736188,1.28,156.0,8.14,239662.0,-77.0,0.0,動力-KY,"['電腦及週邊設備', '電腦及週邊設備:散熱片、風扇馬達、散熱模組']"
4555,58.4,693132.0,8732.0,117919.0,-11.83,29.2,1246483.0,103903.33333333333,114262.5,24.95490116982654,-52.05711309782137,-6.978620411456232,-160.95154880351757,-6.219604679306172,-6.219604679306172,-138.97314567661573,-0.27,-139.70588235294116,2.6,983343.0,5.0,0.0,氣立,"['電機機械', '電機機械:油空壓元件']"
2610,20.7,60511130.0,25481877.0,15017106.0,22.48,-6.58,168654988.0,15332925.0,15235906.166666666,12.571783042346421,256.78404880589244,5.203732363767049,835.7755207947216,5.329691000241897,5.329691000241897,22226.930779277318,0.38,1800.0,2.22,11273212.0,-10276.694,0.0,華航,"['交通運輸及航運', '交通運輸及航運:海陸空大眾運輸']"
8422,177.5,1091875.0,,382583.0,-28.67,14.7,3931900.0,342309.3333333333,366821.3333333333,49.10002342192911,-41.083078946298556,29.198159831833497,-52.89795491594861,20.11678556855628,20.11678556855628,-59.31132291905645,1.36,-55.987055016181216,5.63,69330.0,216.0,-485.0,可寧衛,"['其他', '其他:環保潔能服務產業']"
3209,35.75,2310810.0,337962.0,3702090.0,-25.84,-43.18,53296079.0,4533110.666666667,4870232.25,4.865610457985657,46.6967770761851,2.804209092325602,33.69917344354086,1.619223118229397,1.619223118229397,-22.060639504170606,1.01,-27.857142857142847,10.01,12161723.0,-64.0,0.0,全科,"['半導體', '半導體:IC通路']"
2439,114.5,2193434.0,308078.0,4068222.0,30.19,-10.39,33582867.0,4370315.0,3051242.5,13.994371993741206,-4.132839777740585,4.250079694480869,-1.066789438956895,4.993972410796651,4.993972410796651,-26.257305192269847,1.97,-28.102189781021902,3.9,5351886.0,1076.9,-1.636,美律,"['能源元件', '能源元件:電池模組', '通信網路', '通信網路:無線通訊設備(如行動電話、衛星定位系統、衛星通訊設備、微波通訊設備、數位機上盒)', '電腦及週邊設備', '電腦及週邊設備:其他電腦及週邊設備之零組件']"
8050,82.9,2067621.0,208494.0,431661.0,-36.56,16.01,5469984.0,413561.3333333333,511849.5,22.312559570213537,-40.395207822057394,7.568952418674861,-64.10744460986626,17.90275756686601,17.90275756686601,-38.016744979601945,1.91,-43.8235294117647,6.74,1755249.0,-528.0,0.0,廣積,"['電腦及週邊設備', '電腦及週邊設備:工業電腦']"
6187,134.5,833239.0,52531.0,117527.0,6.19,0.02,1070335.0,117132.33333333333,94476.66666666667,42.321504491221084,-49.02060488952975,2.7954421417953426,-91.96167685438071,8.67277557161681,8.67277557161681,-81.92802121162617,0.35,-82.14285714285714,2.28,666770.0,-24.473,0.0,萬潤,"['其他', '其他:其他電子產品及電子服務產業']"
4580,92.3,431331.0,11325.0,170443.0,-14.46,-15.5,2453080.0,199157.33333333334,219624.75,33.46373322472312,5.009505962831231,17.188290389300928,15.95255788485607,13.688654919564186,13.688654919564186,-0.07723641749986775,2.19,0.0,5.69,732875.0,,,捷流閥業,"['電機機械', '電機機械:傳動元件', '電機機械:鋼鑄鐵元件']"
8411,15.25,2184043.0,68832.0,700437.0,-5.26,23.39,7379923.0,647723.3333333334,690555.5833333334,11.785186693634675,72.87933926141578,4.499078439629168,386.3969679492461,1.8902342212987442,1.8902342212987442,121.27581049319167,0.19,-116.10169491525424,0.0,1123683.0,-24.0,0.0,福貞-KY,"['其他', '其他:其他', '鋼鐵', '鋼鐵:金屬製品']"
3033,28.75,4280715.0,1091481.0,5895745.0,-0.84,9.17,63996157.0,6042821.666666667,5804408.666666667,6.578934679233872,-11.201696781942838,3.1016064612483896,-13.764497686626525,1.3602715603361093,1.3602715603361093,-31.838792554947933,0.59,-32.95454545454546,10.68,20553083.0,-185.0,-2.0,威健,"['半導體', '半導體:IC通路']"
6285,157.0,4324621.0,1832842.0,10156426.0,8.14,3.45,101077237.0,9750630.333333334,9206865.0,13.483324322019453,16.71220958057747,5.121714018659017,23.318196393347222,4.833914575346298,4.833914575346298,14.740811168807952,3.31,5.7507987220447365,3.08,23660573.0,238.585,1331.837,啟碁,"['太空衛星科技', '太空衛星科技:天線_射頻基頻', '通信網路', '通信網路:無線通訊設備(如行動電話、衛星定位系統、衛星通訊設備、微波通訊設備、數位機上盒)', '通信網路:網路設備(如數據機、網路卡、閘道器、路由器、網路電話)']"
4416,87.2,620238.0,547495.0,8361.0,2.91,-0.93,91271.0,8396.666666666666,8294.0,57.979311433986105,8.753610308820262,26.152874289324068,4.843304843304843,-34.61781427668983,-34.61781427668983,92.80243640154656,-0.15,-92.89099526066352,2.29,8704640.0,,,三圓,"['建材營造', '建材營造:建設業']"
6715,149.5,626423.0,13803.0,177048.0,-40.58,9.12,2214666.0,181356.66666666666,207016.33333333334,41.248130182667694,-15.800642179869397,24.084693285688807,-24.47830073657588,21.554595452668515,21.554595452668515,-33.64149898102531,2.26,-30.246913580246925,2.99,436543.0,83.0,0.0,無資料,無資料
2063,54.7,495995.0,29799.0,95672.0,-25.28,-21.07,1320106.0,115290.0,121489.66666666667,31.194353773266837,14.537101566225289,23.55766229030816,24.220715085270296,21.073202650290078,21.073202650290078,14.155257319119,1.7,14.864864864864868,5.48,550114.0,-1.0,0.0,世鎧,"['鋼鐵', '鋼鐵:不鏽鋼棒線', '鋼鐵:螺絲螺帽']"
2436,67.3,1780100.0,,280290.0,21.87,-2.92,2660554.0,284687.0,239548.83333333334,25.6159703823063,28.469322981518104,2.0426667121025326,1117.9970972423803,10.20091983287715,10.20091983287715,399.3072418225968,0.46,-406.66666666666663,1.78,962544.0,-260.0,0.0,偉詮電,"['元宇宙', '元宇宙:高速傳輸', '半導體', '半導體:微控制器IC', '半導體:消費性IC', '半導體:電源管理IC', '汽車', '汽車:ADAS']"
3322,22.0,1075065.0,,241239.0,15.31,-1.24,2529037.0,263233.6666666667,225959.16666666666,21.576466669721704,17.893785421145203,7.4059709600009835,-7.2260647979614125,8.811027643995677,8.811027643995677,-11.152185918604259,0.73,-12.04819277108433,2.73,339321.0,15.0,0.0,建舜電,"['連接器', '連接器:連接器設計、組裝及製造', '電腦及週邊設備', '電腦及週邊設備:隨身碟、記憶卡讀卡機']"
8442,110.0,611125.0,18515.0,641587.0,-9.94,0.19,7307691.0,650392.6666666666,663958.9166666666,20.960821608423043,-12.356725064951304,8.551823067104571,-13.12769425129951,10.74957623236754,10.74957623236754,10.312728335525355,3.71,8.479532163742686,4.5,968131.0,-165.0,0.0,無資料,無資料
6179,32.0,997042.0,369837.0,252345.0,7.71,107.17,2987708.0,229229.66666666666,265862.4166666667,11.693773150645521,619.1279185791259,5.913416585751789,191.77785917359984,3.3978629481785165,3.3978629481785165,528.7169889789977,0.46,318.1818181818182,1.38,10202.0,239.0,0.0,亞通,"['建材營造', '建材營造:工程承攬']"
4123,44.8,6592199.0,111461.0,126767.0,53.72,-5.15,1248902.0,125229.0,109936.33333333333,44.61321108662008,56.9166374564424,10.608849599024527,37.42121649327967,-289.4145992590161,-289.4145992590161,18.46328911555638,-1.49,-19.02173913043479,4.43,252309.0,-7.023,0.0,晟德,"['製藥', '製藥:中、西藥製劑']"
4538,18.8,575364.0,0.0,29993.0,-39.34,15.26,405778.0,29417.666666666668,37343.833333333336,17.873515315690767,-61.353908537959,7.053552823504897,-79.50534314170677,0.6699312356740988,0.6699312356740988,-97.73080180688876,0.01,-98.21428571428571,4.83,44355.0,-2.0,0.0,大詠城,"['電機機械', '電機機械:鋼鑄鐵元件']"
3388,70.5,740624.0,46489.0,620928.0,-5.97,1.27,6448277.0,625577.0,583525.75,16.93911797844487,-15.35678503840588,5.324176310743201,-29.273760376437163,4.744779834351533,4.744779834351533,-27.553510838230167,1.11,-29.746835443037966,6.26,614601.0,-4.0,0.0,崇越電,"['LED照明產業', 'LED照明產業:生產製程、檢測設備及原物料', '印刷電路板', '印刷電路板:玻璃纖維_玻纖布', '印刷電路板:銅箔', '平面顯示器', '平面顯示器:擴散膜、增亮膜、導光板', '建材營造', '建材營造:建材原料', '能源元件', '能源元件:原材料', '觸控面板', '觸控面板:膠材', '通信網路', '通信網路:其他零組件', '通信網路:線材', '食品', '食品:原物料', '食品生技', '食品生技:原料']"
2887,17.75,135770618.0,,6179034.0,-2.41,17.59,64726080.0,4949331.666666667,5803895.75,65.13841862129239,1.9236294019019065,21.699021698462655,-13.019784528308387,16.66254114906173,16.66254114906173,-15.136671043844984,0.22,-21.42857142857143,5.24,,-7650.512,-48.0,台新金,"['金融', '金融:金控業_銀行業_保險業']"
4916,34.55,992961.0,,278245.0,-10.15,-15.74,3136424.0,292645.0,292963.5833333333,18.875569933251704,90.67752764375354,8.151891678140768,458.16107593280657,7.017146831957236,7.017146831957236,2590.1369863013697,0.61,1933.3333333333333,1.1,1223352.0,-188.0,0.0,事欣科,"['電腦及週邊設備', '電腦及週邊設備:其他電腦及週邊設備', '電腦及週邊設備:工業電腦', '電腦及週邊設備:機殼']"
3708,99.3,985601.0,13463.0,675519.0,-8.57,2.8,6672137.0,673069.0,615383.5833333334,17.847587742109972,-1.808161478348704,4.358239540641189,245.3327838450443,29.68325462375434,29.68325462375434,-10.946299142565127,5.66,-12.383900928792569,5.04,754450.0,74.0,0.0,上緯投控,"['風力發電', '風力發電:樹酯', '風力發電:玻_碳纖']"
3533,1010.0,1113298.0,66293.0,2329479.0,-3.53,14.34,22298929.0,2191993.3333333335,2045538.8333333333,47.538468369660855,1.8720845033999622,29.76354969871852,5.376849437151044,29.786385422144495,29.786385422144495,-3.4402235270102657,16.77,-6.365159128978226,2.49,2615229.0,529.456,-336.415,嘉澤,"['連接器', '連接器:連接器設計、組裝及製造']"
6664,151.0,577916.0,3347781.0,205089.0,-6.05,-5.96,2227184.0,215137.33333333334,202967.83333333334,45.78446153311272,13.607096080999476,27.26106154133045,11.151060594345214,39.69875691000635,39.69875691000635,18.855096189331643,4.45,15.885416666666675,4.52,2048443.0,10.0,0.0,群翊,"['半導體', '半導體:生產製程及檢測設備', '印刷電路板', '印刷電路板:生產製程及檢測設備', '觸控面板', '觸控面板:工業用設備']"
4566,53.3,908008.0,16511.0,349339.0,-24.02,10.71,3879956.0,340413.3333333333,351584.6666666667,23.62866195438979,-18.332267427559405,7.368934461774666,-32.87724514668003,12.574169017586112,12.574169017586112,-21.16979381075325,1.47,-36.086956521739125,3.94,1026495.0,-73.0,0.0,時碩工業,"['航太週邊', '航太週邊:航空零組件', '電機機械', '電機機械:車用機械傳動設備及零配件']"
6432,36.6,305956.0,,88282.0,-2.18,16.97,1006757.0,92045.33333333333,90095.5,22.777639706372636,43.45460792547912,3.683071570154754,211.4453411592076,8.267210600651023,8.267210600651023,51.78342885760392,0.89,50.847457627118665,4.1,133876.0,-18.0,0.0,今展科,"['被動元件', '被動元件:電感器']"
6279,152.0,996547.0,,754612.0,9.6,-0.01,6583556.0,724323.0,601916.6666666666,32.380897300119486,12.697292975105121,16.93479409723475,6.716285663654084,15.377550305728944,15.377550305728944,-37.158871614735794,2.9,-37.22943722943724,3.68,1714156.0,-95.0,0.0,胡連,"['連接器', '連接器:連接器設計、組裝及製造']"
6603,16.0,1569860.0,218792.0,353167.0,-13.11,19.21,3391499.0,326142.0,318007.9166666667,24.001471603049627,-20.51255575747563,-1.1316585880924865,-119.48988723823162,-1.091127148166316,-1.091127148166316,-132.70716510903426,-0.05,-123.80952380952381,3.75,1589583.0,29.42,0.0,富強鑫,"['電機機械', '電機機械:專用機械(如紡織成衣生產用機械、食品飲料生產用機械、農林用機械等)']"
6616,12.95,300659.0,657.0,88679.0,31.43,-8.66,906891.0,90250.0,80735.16666666667,12.705586657733464,-14.94526657206568,0.8047451955651954,230.26960784313727,-1.3592850410510897,-1.3592850410510897,-148.89705882352942,-0.09,-132.14285714285714,4.63,157165.0,-1.0,0.0,特昇-KY,"['其他', '其他:其他']"
1786,78.0,677099.0,3249.0,62053.0,40.47,3.37,631823.0,59590.0,58039.083333333336,71.61530735527447,31.364311969881715,28.14257364250814,14.28768472906404,26.49286501016512,26.49286501016512,19.888896207979272,0.81,17.391304347826097,2.54,93636.0,-6.0,0.0,科妍,"['製藥', '製藥:中、西藥製劑', '製藥:原材料', '醫療器材', '醫療器材:醫療耗材']"
2888,8.68,157846290.0,,-8344171.0,-63.62,-466.27,20651789.0,-2578634.0,1385777.1666666667,43.97332009189878,-21.970592885039995,22.631839158545063,-35.278302138041866,16.857213592664625,16.857213592664625,-24.424301619106252,0.36,-25.0,0.0,,-8089.64,0.0,新光金,"['金融', '金融:金控業_銀行業_保險業']"
6472,657.0,1013000.0,180663.0,1126612.0,-32.47,0.26,13245137.0,1088822.6666666667,1236010.5833333333,53.46215639623188,82.28316688544365,39.64045430468615,89.4976139772745,24.21654422655274,24.21654422655274,29.71908605428077,7.28,-3.95778364116095,1.67,2314460.0,232.06,0.0,保瑞,"['製藥', '製藥:中、西藥製劑', '製藥:藥品代理銷售及通路']"
9906,53.9,833439.0,465811.0,25874.0,-55.29,-38.22,3684281.0,22591.0,327227.0833333333,41.456726575522296,47.20322610322304,29.251340824099426,90.13515220411772,22.14087073678392,22.14087073678392,106.90664030185025,1.23,105.00000000000003,8.48,8150540.0,-9.0,0.0,欣巴巴,"['建材營造', '建材營造:建設業']"
5288,177.0,663853.0,115740.0,647437.0,-16.01,18.89,6669707.0,595090.6666666666,612153.8333333334,21.30404591953452,-11.08059623758843,14.781332248814,-14.627237177519453,15.476468318247885,15.476468318247885,1.9223965090222905,4.04,0.7481296758104827,3.99,839240.0,-1.0,0.0,豐祥-KY,"['醫療器材', '醫療器材:金屬零件', '電機機械', '電機機械:金屬加工處理']"
8938,72.4,1402003.0,,1368722.0,-31.58,43.44,12995741.0,1080936.3333333333,1264291.5,18.82782062903309,-51.2310978694699,10.549598837067355,-54.8555128981169,-32.86048179856168,-32.86048179856168,-221.33656926900954,-2.8,-159.0717299578059,12.4,2360828.0,66.0,-13.0,明安,"['休閒娛樂', '休閒娛樂:高爾夫球具業']"
3092,34.35,1065493.0,2460.0,179243.0,-0.85,1.61,1990614.0,180745.0,179721.33333333334,17.258318754222167,-40.335349422121084,1.8755954339956002,-82.20074300555609,2.1553411512012612,2.1553411512012612,-77.42397851803469,0.12,-79.66101694915254,2.33,764798.0,-208.0,0.0,鴻碩,"['電腦及週邊設備', '電腦及週邊設備:連接線']"
4747,84.9,436679.0,6699.0,53066.0,20.19,3.73,556198.0,51002.0,50726.75,39.99013640140793,6.650210803214299,15.997270620663565,-1.3580504061653822,11.609996014025228,11.609996014025228,-10.671587483106352,0.45,-29.6875,2.36,132919.0,-15.0,0.0,強生,"['製藥', '製藥:中、西藥製劑', '製藥:藥品代理銷售及通路']"
5213,33.5,5062204.0,6307445.0,1110387.0,3157.6,-11.56,4928067.0,1017921.3333333334,419633.9166666667,34.88557987643199,310.8287681560034,27.230798710973158,653.7560099703488,23.47284418540238,23.47284418540238,7119.834602257811,1.15,1542.8571428571427,4.05,42784377.0,-111.0,0.0,亞昕,"['建材營造', '建材營造:建設業']"
1526,33.1,600000.0,89427.0,45461.0,-74.48,-20.15,954720.0,52785.333333333336,91825.66666666667,29.526174844505874,-67.7387537047175,3.955597788527989,-93.22242121934252,2.1786454733932272,2.1786454733932272,-95.337702311738,0.09,-95.0,10.27,1332833.0,1.0,0.0,日馳,"['電機機械', '電機機械:傳動元件']"
3526,190.0,590909.0,50692.0,243824.0,41.06,9.19,2174814.0,238119.33333333334,195203.58333333334,53.15117676368006,18.478338984601113,33.88346669011401,28.543631026507736,30.699610187871862,30.699610187871862,16.03090642222161,3.55,16.013071895424822,4.95,149282.0,163.0,0.0,凡甲,"['連接器', '連接器:連接器設計、組裝及製造']"
2427,25.55,1843145.0,680798.0,366327.0,-0.9,33.25,3319544.0,349020.6666666667,316956.6666666667,30.517716133183075,11.055973789320621,2.3071538257662354,-27.024605637858766,6.16326803124627,6.16326803124627,0.024626093809000014,0.33,0.0,1.37,2268198.0,251.0,0.0,三商電,"['觸控面板', '觸控面板:自動售票機', '觸控面板:金融提款機(ATM)', '軟體服務', '軟體服務:應用_系統軟體設計開發', '軟體服務:系統整合服務', '軟體服務:資料處理服務', '軟體服務:通路經銷']"
1617,16.55,1577978.0,,237163.0,-13.32,2.51,2584671.0,241616.33333333334,239027.33333333334,9.088158026884022,192.90034071550255,0.5135239424261165,108.67333273814839,2.067046193368326,2.067046193368326,157.90601813685078,0.12,140.0,1.81,336350.0,7.0,0.0,榮星,"['其他', '其他:其他', '通信網路', '通信網路:線材', '連接器', '連接器:金屬材料', '電機機械', '電機機械:金屬加工處理']"
4720,15.2,1037563.0,,326672.0,7.06,11.97,3054163.0,297785.6666666667,278360.4166666667,21.873086691809775,12.70203079317031,2.4720384201132264,20.896555702994288,7.893535421933487,7.893535421933487,316.1452826668325,0.66,340.00000000000006,1.32,517526.0,41.0,0.0,德淵,"['石化及塑橡膠', '石化及塑橡膠:接著劑(合成樹脂)', '醫療器材', '醫療器材:醫療器材代理', '電機機械', '電機機械:手工具機', '電機機械:輸送機械及零配件']"
3587,234.5,663271.0,124246.0,411584.0,6.95,8.99,4366391.0,399126.3333333333,396115.3333333333,33.93122745011413,13.0899046445234,15.66878564006905,-4.520754190222648,14.168077952040841,14.168077952040841,-5.363681075468605,2.68,-9.764309764309765,3.44,,-199.0,11.0,閎康,"['其他', '其他:其他電子產品及電子服務產業']"
6189,59.3,2124314.0,295206.0,2602185.0,25.56,2.16,27173753.0,2725526.3333333335,2420684.0833333335,9.620968247189174,86.27011611326135,4.470815181548141,173.41639794970789,5.213832772260039,5.213832772260039,99.84189397272327,1.9,95.8762886597938,5.78,3343144.0,44.0,-6.0,豐藝,"['半導體', '半導體:IC通路', '平面顯示器', '平面顯示器:面板', '平面顯示器:顯示器模組', '電腦及週邊設備', '電腦及週邊設備:晶片組', '電腦及週邊設備:面板', '電腦及週邊設備:顯示器模組']"
3013,46.75,1959350.0,6801.0,643728.0,-28.86,-5.09,5977342.0,665034.0,565812.0833333334,12.788103249700775,14.918012825716373,4.564147151148348,-7.033280434232618,4.629129875115738,4.629129875115738,-36.5492211138884,0.42,-36.36363636363637,0.64,837095.0,-478.5,0.0,晟銘電,"['電腦及週邊設備', '電腦及週邊設備:機殼']"
3617,197.0,904328.0,,833902.0,-5.1,-25.26,10849977.0,946071.0,977344.0833333334,45.87649047545902,9.046202818999422,14.25638186095467,30.79372401649443,15.113009550141692,15.113009550141692,0.6673991447161511,5.51,-8.62354892205639,2.79,3077228.0,-54.0,0.0,碩天,"['電腦及週邊設備', '電腦及週邊設備:其他電腦及週邊設備']"
3268,29.1,334263.0,,81671.0,13.78,-1.54,981196.0,84413.33333333333,88277.0,6.390236454364377,-5.214123944821907,-0.7710619278630272,-256.368754398311,4.664542949745639,4.664542949745639,-53.56661715430585,0.4,-54.022988505747115,2.41,40414.0,116.0,0.0,海德威,"['半導體', '半導體:消費性IC']"
4168,27.25,1086401.0,82.0,0.0,,,2544.0,285.6666666666667,215.83333333333334,54.662379421221864,880.7692307692308,-7348.44587352626,-1.1194360048376155,-6440.514469453376,-6440.514469453376,4.505363528009535,-0.55,-14.0625,0.0,,-41.0,0.0,醣聯,"['製藥', '製藥:中、西藥製劑']"
6126,28.8,1172656.0,10096.0,276463.0,-9.36,0.46,3198103.0,281634.0,287805.25,27.719328312497822,0.4127338154309562,9.001217653113796,-4.688025092416265,7.7740433594531035,7.7740433594531035,-10.093595155074325,0.44,-13.725490196078427,4.17,384577.0,242.0,0.0,信音,"['連接器', '連接器:連接器設計、組裝及製造']"
9941,185.0,6482250.0,,3593905.0,9.02,1.04,38025086.0,3566780.3333333335,3451654.4166666665,54.263576921989554,7.395125696497143,20.330787836962166,-3.881965448595558,16.561344390549678,16.561344390549678,7.81249904778388,3.04,-5.882352941176472,3.57,1567353.0,-152.0,0.0,裕融,"['其他', '其他:其他']"
8070,33.9,689422.0,362088.0,1435227.0,-9.62,4.35,15130132.0,1353448.3333333333,1391257.25,17.8525773514906,-46.036319886959504,10.210429465911854,-52.939648524696615,19.572086413978884,19.572086413978884,-39.51047156651276,0.82,-29.91452991452992,7.46,2378031.0,-313.0,0.0,長華*,"['LED照明產業', 'LED照明產業:燈具_應用', 'LED照明產業:生產製程、檢測設備及原物料', '半導體', '半導體:基板', '半導體:導線架', '半導體:生產製程及檢測設備', '太陽能產業', '太陽能產業:太陽能發電設備_系統及系統工程', '太陽能產業:太陽能電廠', '平面顯示器', '平面顯示器:擴散膜、增亮膜、導光板', '平面顯示器:背光源(發光二極體、冷陰極管)', '平面顯示器:驅動IC', '觸控面板', '觸控面板:膠材']"
3023,291.5,2400332.0,5995996.0,2622953.0,-6.37,0.74,30768796.0,2676264.6666666665,2784584.5833333335,25.685513674218818,2.508214149775341,12.074025098918897,10.701398777117012,10.636601136501499,10.636601136501499,-1.8537042615079597,3.66,2.2346368715083775,2.9,11008153.0,-185.0,-10.215,信邦,"['LED照明產業', 'LED照明產業:燈具_應用', '太陽能產業', '太陽能產業:太陽能發電設備_系統及系統工程', '平面顯示器', '平面顯示器:其他零組件', '通信網路', '通信網路:線材', '連接器', '連接器:連接器設計、組裝及製造', '電動車輛產業', '電動車輛產業:大功率鋰電池芯_模組、電池管理系統、動力馬達等零組件', '電腦及週邊設備', '電腦及週邊設備:連接線', '風力發電', '風力發電:其他配件']"
3006,96.0,2861711.0,34138.0,1066325.0,20.48,-1.18,10865127.0,1057449.3333333333,976895.25,2.3824944837713495,-83.36110796511721,-12.54291273420598,-1026.736234986324,-4.8031814250949605,-4.8031814250949605,-199.69568532626243,-0.57,-290.0,1.88,7661918.0,-4770.0,115.0,晶豪科,"['半導體', '半導體:記憶體IC']"
3484,46.35,755365.0,,278341.0,-28.63,5.07,3116809.0,276113.3333333333,288817.6666666667,22.158989617610153,-35.606329003923875,5.317136176423568,-55.504437044023945,5.38603006718017,5.38603006718017,-59.68404287374629,0.62,-63.52941176470588,5.39,675569.0,62.0,0.0,崧騰,"['電腦及週邊設備', '電腦及週邊設備:其他電腦及週邊設備之零組件']"
6288,30.35,2056006.0,6027.0,380128.0,4.54,-2.07,3977183.0,393098.0,349832.0,13.654754993214757,-4.320681982010218,-2.460757854020201,-1.069184700738509,0.4403028267226781,0.4403028267226781,-82.51696089226725,0.03,-81.25,0.59,1704131.0,-152.0,0.0,聯嘉,"['LED照明產業', 'LED照明產業:封裝_模組', 'LED照明產業:燈具_應用']"
4968,164.0,904554.0,,300403.0,12.13,11.06,2684198.0,272484.0,242959.08333333334,25.88284368097229,-41.1237727316137,-11.549863823689938,-289.3556552244771,-6.095227260723123,-6.095227260723123,-146.25155435888476,-0.5,-145.45454545454547,0.0,570173.0,-49.023,23.0,立積,"['半導體', '半導體:網路通訊IC']"
8367,43.0,877339.0,3133.0,233443.0,25.73,18.27,2049065.0,208600.66666666666,188648.83333333334,29.70009555132056,-27.08625836468967,16.405088327781502,-43.98459421622174,9.74060368022158,9.74060368022158,-55.832342591779906,0.64,-53.623188405797094,5.81,,29.0,0.0,建新國際,"['交通運輸及航運', '交通運輸及航運:散裝航運', '交通運輸及航運:貨櫃航運']"
5608,21.4,3892671.0,106628.0,268269.0,-35.17,-9.41,3196603.0,279897.0,296893.5833333333,4.916133297551435,-95.56683042344804,-3.789118694160371,-103.7344751608249,-21.03411220389232,-21.03411220389232,-131.1882312556891,-0.41,-122.40437158469946,7.01,132697.0,-513.337,0.0,四維航,"['交通運輸及航運', '交通運輸及航運:散裝航運']"
3339,18.45,516312.0,,46344.0,8.68,9.17,466131.0,44699.0,41922.25,10.975014904341228,173.3695652173913,-6.139814334492129,79.20981569357419,9.587556230014634,9.587556230014634,148.00356644440998,0.24,-148.0,0.0,123511.0,-46.0,0.0,泰谷,"['LED照明產業', 'LED照明產業:光源_磊晶']"
4540,32.0,951588.0,4849.0,141889.0,-47.23,-5.05,2400474.0,156042.0,219327.16666666666,19.705555555555556,-48.86607025174641,-5.74,-130.7486926576251,4.455079365079365,4.455079365079365,-73.9292382288193,0.3,-73.6842105263158,4.63,2613644.0,-5.0,0.0,全球傳動,"['電機機械', '電機機械:傳動元件']"
2239,59.5,1203372.0,219225.0,2092982.0,-1.48,-1.46,21794336.0,2095214.6666666667,1987697.9166666667,13.263176261286308,-0.772611042250222,2.84940879879591,-12.965213579853362,1.424753319646535,1.424753319646535,-31.767278406872318,0.47,-38.961038961038966,0.77,5457282.0,-14.0,0.0,英利-KY,"['汽車', '汽車:保險桿', '汽車:其他']"
3663,35.5,735012.0,38780.0,199793.0,31.33,-8.15,2218907.0,211570.33333333334,198983.66666666666,7.93269912753151,68.36000633813975,2.100912485870729,1408.0385852090033,3.2151277644469465,3.2151277644469465,89.29230769230769,0.29,93.33333333333333,2.82,682056.0,-22.0,0.0,鑫科,"['太陽能產業', '太陽能產業:材料', '平面顯示器', '平面顯示器:化學品(如光阻劑、靶材等)', '被動元件', '被動元件:電阻器材料(氧化鋁陶瓷基板、導電漿墨)', '觸控面板', '觸控面板:ITO導電薄膜']"
6585,128.0,692430.0,11172.0,245361.0,20.72,-6.81,2509828.0,252530.33333333334,224232.5,37.56729140521598,60.45893111346741,23.353152152296307,154.0001491758037,19.295574711461313,19.295574711461313,119.0024751319292,2.03,118.2795698924731,2.34,676829.0,-417.0,398.0,鼎基,"['其他', '其他:其他', '石化及塑橡膠', '石化及塑橡膠:塑膠製品']"
5209,171.5,281560.0,1770991.0,589591.0,55.77,4.16,5840384.0,596208.3333333334,519254.9166666667,7.642679900744417,9.611158880290436,5.783525127538983,10.179887689167609,5.2295146579623735,5.2295146579623735,5.74613295018297,3.36,4.347826086956519,4.36,1240.0,-15.0,0.0,新鼎,"['人工智慧', '人工智慧:智慧設備', '人工智慧:機器學習', '人工智慧:移動控制', '人工智慧:系統整合', '人工智慧:自然語言處理', '人工智慧:資料處理', '人工智慧:運算設備', '人工智慧:雲端平台', '人工智慧:電腦視覺', '人工智慧:領域解決方案', '人工智慧:顧問諮詢', '大數據', '大數據:儲存處理', '大數據:分析工具', '大數據:應用軟體', '大數據:系統整合', '大數據:資料庫', '大數據:運算元件與設備', '大數據:雲端平台', '大數據:領域解決方案', '大數據:顧問諮詢', '軟體服務', '軟體服務:系統整合服務']"
2104,19.35,9847336.0,0.0,1466769.0,-16.63,-14.9,16618177.0,1592333.3333333333,1517855.5,8.272004073060524,-67.02901430506537,1.2416046161352596,-92.95786002110428,-0.015974034239165023,-0.015974034239165023,-100.12784380305604,0.01,-98.24561403508771,0.52,2659040.0,-430.623,0.0,國際中橡,"['石化及塑橡膠', '石化及塑橡膠:橡塑膠添加劑']"
3625,15.85,1141314.0,8845.0,89372.0,116.06,-15.65,1040635.0,93864.33333333333,92248.58333333333,15.193541094015876,243.81689666778863,-4.917657278168469,76.88683202371298,-4.308713811444687,-4.308713811444687,82.70835571791841,-0.13,-82.89473684210526,0.0,136055.0,-21.0,0.0,西勝,"['能源元件', '能源元件:電池模組', '電動車輛產業', '電動車輛產業:大功率鋰電池芯_模組、電池管理系統、動力馬達等零組件', '電腦及週邊設備', '電腦及週邊設備:電池']"
5306,127.5,1260000.0,18057.0,342309.0,-26.52,-3.42,4380656.0,349752.6666666667,396519.4166666667,35.962437516352466,-55.05961055512834,16.511949352097936,-71.6861424392778,13.716968011126566,13.716968011126566,-73.72315484375154,1.27,-73.59667359667358,7.06,994733.0,-84.0,0.0,桂盟,"['休閒娛樂', '休閒娛樂:休閒車業', '其他', '其他:其他', '鋼鐵', '鋼鐵:金屬製品', '電機機械', '電機機械:車用機械傳動設備及零配件']"
5450,18.1,1223923.0,,207301.0,-8.08,12.62,2193946.0,194488.33333333334,199014.0,23.568267308041897,-36.78769836618926,-1.4899388922293848,-118.3154275891706,0.62174010319802,0.62174010319802,-94.49781119000107,0.03,-94.33962264150944,3.59,370933.0,-5.0,0.0,南良,"['紡織', '紡織:成衣及其它家居紡織類品']"
2201,74.0,10700013.0,,7396599.0,3.29,-1.64,73951757.0,7373932.333333333,6765989.75,35.887124588260924,6.97018827539275,11.618093464538266,-3.5184470235739314,11.149485834107436,11.149485834107436,175.92428047131543,1.2,-1023.076923076923,1.26,12883011.0,105.0,-200.574,裕隆,"['汽車', '汽車:整車組裝、修理及技術服務']"
2231,132.5,1409176.0,31261.0,291650.0,-26.27,-16.95,3974527.0,332669.3333333333,366124.6666666667,40.460976701364345,26.94683841931356,12.353112051648163,905.3365162482673,11.882370418311897,11.882370418311897,10.879776788867698,1.0,-20.63492063492064,2.11,1220898.0,-104.0,0.0,為升,"['汽車', '汽車:整車組裝、修理及技術服務']"
6196,133.0,1989892.0,8006234.0,4998609.0,-1.1,8.85,50648352.0,4835477.0,4633188.75,9.566503411212892,-15.04226470941005,4.157449383109297,-31.65513275324058,4.137013545513762,4.137013545513762,-30.659346912318806,2.92,-31.132075471698116,4.24,7745560.0,-316.28,0.0,帆宣,"['其他', '其他:其他電子產品及電子服務產業']"
2208,20.6,9335146.0,3303219.0,1613974.0,-14.77,0.32,20071093.0,1607679.6666666667,1833798.0,-1.902931014766278,92.12014234408372,-3.962051953454574,85.18321715998249,-16.89460646820419,-16.89460646820419,28.018479287530013,-1.0,-28.057553956834525,0.0,5987593.0,-846.0,0.0,台船,"['其他', '其他:其他', '風力發電', '風力發電:風場營造']"
8299,514.0,2046335.0,169294.0,5407270.0,32.45,4.81,43039805.0,5190012.666666667,3920155.0,32.403785264879346,13.63569841544377,4.237351137924368,-57.01461323166468,6.925846536705421,6.925846536705421,-28.019889028149,4.32,-29.526916802610103,2.87,21331295.0,75.8,-56.0,群聯,"['半導體', '半導體:IC模組', '半導體:IC通路', '半導體:IP設計_IC設計代工服務', '半導體:記憶體控制IC', '電腦及週邊設備', '電腦及週邊設備:其他電腦及週邊設備之零組件', '電腦及週邊設備:記憶體', '電腦及週邊設備:隨身碟、記憶卡讀卡機']"
4564,23.5,2027883.0,6361.0,91358.0,-14.85,-8.44,1208062.0,95205.66666666667,113627.33333333333,-6.858477318517614,-187.57698604506118,-20.78606752548996,-330.16615073599087,-18.288662311496427,-18.288662311496427,-1374.1633858267717,-0.3,1400.0,0.85,440588.0,-364.0,0.0,元翎,"['電機機械', '電機機械:金屬加工處理']"
1727,30.5,1184643.0,,164048.0,-19.77,22.57,1596956.0,149874.0,148278.0,10.368115381783374,4.271862633929604,0.004602017524482733,100.18395879323032,1.7209244532803183,1.7209244532803183,179.9893048128342,0.06,-166.66666666666666,2.39,263131.0,24.0,0.0,中華化,"['半導體', '半導體:化學品', '石化及塑橡膠', '石化及塑橡膠:PTA(對苯二甲酸)觸媒', '石化及塑橡膠:工業用合成樹脂', '石化及塑橡膠:界面活性劑', '紡織', '紡織:化學助劑']"
2368,213.5,4918391.0,,3022816.0,3.87,2.38,27489042.0,2943216.0,2508084.3333333335,29.305787084366873,1.8306534905799914,20.086336093245695,0.5767535177228134,14.11593669300941,14.11593669300941,-13.820671109933084,2.39,-12.454212454212454,1.64,5920024.0,429.8,-324.0,金像電,"['印刷電路板', '印刷電路板:硬板、軟板、IC載板製造']"
6190,30.45,1617912.0,,539421.0,-2.11,7.22,6062520.0,520138.3333333333,546864.75,13.436906455051378,-44.39009637686955,3.8932623117641554,-66.28153293338006,3.5568157455302005,3.5568157455302005,-68.35966670069142,0.33,-71.05263157894737,6.57,1694534.0,-75.0,0.0,萬泰科,"['太空衛星科技', '太空衛星科技:低軌衛星', '通信網路', '通信網路:線材']"
3597,22.0,391498.0,1674.0,41860.0,-31.65,7.25,563301.0,42078.333333333336,52993.416666666664,19.554937599914023,-66.12049202266935,-4.026787033678582,-113.81304578235525,4.222249089858811,4.222249089858811,-85.58950963985237,0.16,-85.71428571428572,7.73,97487.0,-1.0,0.0,映興,"['其他', '其他:其他', '其他:其他電子產品及電子服務產業', '連接器', '連接器:連接器設計、組裝及製造']"
8420,57.9,552200.0,,23102.0,-93.22,91.94,2811169.0,90320.0,264788.6666666667,30.930090636425334,21.905537459283387,30.86222278170633,53.521692372616016,-137.98232699170262,-137.98232699170262,-722.6538235929734,-18.31,-675.7861635220125,10.32,310967.0,-8.0,0.0,明揚,"['休閒娛樂', '休閒娛樂:高爾夫球具業']"
6477,37.9,1237825.0,10334.0,85331.0,-76.63,-8.05,1445935.0,84945.0,128635.66666666667,40.16454427266889,-35.26564255329892,28.650752627539433,-42.42977417578094,19.10272073680748,19.10272073680748,-49.739336492891,0.39,-51.85185185185186,2.64,424124.0,-143.0,0.0,安集,"['太陽能產業', '太陽能產業:太陽能電廠', '太陽能產業:太陽能電池模組']"
3465,78.0,353298.0,,88587.0,35.36,22.6,1118520.0,91279.66666666667,98283.25,22.641550875401187,21.42110455100929,7.07212141678541,87.55642929954857,8.227700400567768,8.227700400567768,-25.995801950858134,0.78,-31.57894736842104,5.13,334765.0,16.0,0.0,進泰電子,"['其他', '其他:其他電子產品及電子服務產業']"
3323,28.8,883059.0,65481.0,477545.0,-37.64,-4.29,6609353.0,512664.6666666667,621551.3333333334,10.189718679993106,-44.99367723368072,0.8569920730656557,-85.76285136610066,-1.23675254178873,-1.23675254178873,-117.77224045069028,-0.29,-118.01242236024845,5.21,1329726.0,10.0,0.0,加百裕,"['能源元件', '能源元件:電池模組', '電腦及週邊設備', '電腦及週邊設備:電池']"
4744,26.6,549726.0,170304.0,108045.0,27.42,25.15,896824.0,90118.0,88639.91666666667,49.82241010471151,73.31727060164029,6.036009294041782,236.98025551684088,8.660108976392996,8.660108976392996,-28.92386099521156,0.44,-45.00000000000001,3.51,480110.0,169.0,0.0,皇將,"['醫療器材', '醫療器材:其他']"
6134,19.7,725845.0,,91986.0,-30.96,18.51,1035691.0,85866.66666666667,96619.91666666667,24.862425949587642,-27.567390361777054,-6.684864676501336,-828.192961644919,1.484638169357649,1.484638169357649,-83.87859676783603,0.07,-78.125,0.0,211175.0,-9.0,0.0,萬旭,"['電腦及週邊設備', '電腦及週邊設備:連接線']"
4438,112.0,1034255.0,163498.0,706570.0,-48.43,-36.52,15743495.0,1350757.3333333333,1441626.75,16.110686517778213,-24.89539748953975,9.659807087580077,-30.65444602051984,10.865026095345888,10.865026095345888,-31.10201149005646,6.29,-29.64205816554809,6.07,3038568.0,-6.0,0.0,廣越,"['紡織', '紡織:成衣及其它家居紡織類品', '醫療器材', '醫療器材:衛生用品']"
4155,24.9,1528589.0,56874.0,94309.0,-44.96,9.52,1096539.0,89232.66666666667,96804.33333333333,12.275661951396446,-50.880961365417555,-8.304316285817919,-660.6023506366307,-0.333696046427276,-0.333696046427276,-102.01132463216808,0.01,-97.95918367346938,9.04,385261.0,41.0,0.0,訊映,"['醫療器材', '醫療器材:醫療耗材']"
5434,183.0,1886996.0,1757464.0,3961991.0,-10.13,-8.77,45345240.0,4171902.3333333335,4132836.9166666665,13.953504940388262,-5.270728968874619,7.580334441799446,-3.1628301751730765,6.444125991467731,6.444125991467731,-11.246864784710624,4.25,-13.617886178861783,5.46,4311710.0,-151.0,58.0,崇越,"['LED照明產業', 'LED照明產業:封裝_模組', 'LED照明產業:生產製程、檢測設備及原物料', '半導體', '半導體:化學品', '半導體:生產製程及檢測設備', '太陽能產業', '太陽能產業:太陽能發電設備_系統及系統工程', '太陽能產業:太陽能電池模組', '太陽能產業:材料', '被動元件', '被動元件:電感器', '被動元件:電阻器材料(氧化鋁陶瓷基板、導電漿墨)', '貿易百貨', '貿易百貨:貿易商、代理商、經銷商']"
6796,109.0,345842.0,6919.0,50659.0,1.17,9.69,483882.0,46605.0,45026.0,62.93524615610856,25.880776521341264,11.183640790183166,15.714285714285714,13.619058512115814,13.619058512115814,-27.54379102012431,0.5,-27.536231884057962,1.65,152211.0,-10.0,0.0,晉弘,"['醫療器材', '醫療器材:其他']"
2338,70.7,2564465.0,181774.0,623159.0,-10.19,1.68,6554487.0,663730.0,596201.0,25.551849421258225,-7.762089142713648,9.177158050288053,-41.04512923641096,-5.612943519161214,-5.612943519161214,-120.25352435022387,-0.4,-113.6518771331058,3.54,632481.0,-157.401,120.0,光罩,"['半導體', '半導體:光罩']"
6806,107.0,2161500.0,11755.0,1472365.0,356.07,9.1,8803744.0,1291061.3333333333,816492.5,10.535482613658509,202.50687472021488,6.969421940105979,610.0484078360184,4.444667167794203,4.444667167794203,186.64863182590793,0.56,250.00000000000006,0.47,418.0,-484.8,-65.0,森崴能源,"['太陽能產業', '太陽能產業:太陽能發電設備_系統及系統工程', '太陽能產業:太陽能電廠', '風力發電', '風力發電:發電營運', '風力發電:風場營造', '風力發電:風場規劃', '風力發電:風場開發', '風力發電:風機維護']"
3357,113.5,1020340.0,,400298.0,-8.33,10.75,4096479.0,371618.0,372682.4166666667,24.028347855646423,-27.561714415128524,8.352231590749668,-51.334759557250486,12.013751358092163,12.013751358092163,-47.87568651097603,1.25,-47.69874476987448,5.29,834049.0,29.0,50.0,臺慶科,"['被動元件', '被動元件:電感器', '被動元件:電感器材料(如鐵氧體、導電漿墨)']"
8473,30.25,1470040.0,97592.0,300945.0,-19.58,19.81,3382548.0,291979.3333333333,309933.0833333333,24.050004328546283,231.175934366454,17.74054693587018,169.75411657361138,7.40097248006464,7.40097248006464,124.85854942995722,0.25,-113.02083333333333,0.0,,0.0,0.0,山林水,"['其他', '其他:環保潔能服務產業']"
3680,374.0,884972.0,916380.0,283110.0,-34.53,-45.58,4559379.0,440448.6666666667,433167.0833333333,47.32353891538365,18.571541016049594,17.590908274941807,-10.079718595270412,16.158396112949454,16.158396112949454,-17.569398073070687,1.94,-28.148148148148156,2.12,1785226.0,-340.534,174.0,家登,"['半導體', '半導體:生產製程及檢測設備']"
3580,52.0,394707.0,68656.0,68835.0,-32.82,46.3,696657.0,61529.0,66729.41666666667,44.325490234702016,-40.57176812359699,18.18374321649119,-61.96083279249209,22.587730097603735,22.587730097603735,-58.931657220625496,1.18,-59.02777777777778,8.65,239222.0,11.0,0.0,友威科,"['其他', '其他:其他電子產品及電子服務產業']"
1589,50.7,1181359.0,,737034.0,-20.07,8.66,7913897.0,692966.0,738951.6666666666,13.707690125224076,-23.834924602230547,-5.173263176899963,-270.55272108843536,-11.388039875678674,-11.388039875678674,-63.35772796898008,-1.85,52.892561983471076,0.0,2734401.0,-281.0,0.0,永冠-KY,"['能源元件', '能源元件:原材料', '電機機械', '電機機械:鋼鑄鐵元件', '風力發電', '風力發電:其他配件', '風力發電:風場開發', '風力發電:齒輪箱']"
5905,12.4,2498247.0,255756.0,65254.0,-2.61,-23.09,970156.0,71505.0,86844.83333333333,73.23289113855247,-4.557569532377605,-5.246207939123197,-148.92005157962603,32.625821683963785,32.625821683963785,5541.303116147308,0.32,-1166.6666666666667,0.0,716094.0,-115.0,0.0,南仁湖,"['休閒娛樂', '休閒娛樂:旅館服務業', '貿易百貨', '貿易百貨:零售通路']"
3701,58.8,2294208.0,307589.0,1043008.0,-6.29,-17.97,12345241.0,1162534.0,1135411.4166666667,18.702923837780205,70.60200411963258,8.557199108002214,158.97346034982635,8.56949000160808,8.56949000160808,36.658118617818275,0.87,33.84615384615384,0.83,3189213.0,-33.0,0.0,大眾控,"['電腦及週邊設備', '電腦及週邊設備:其他電腦及週邊設備之零組件', '電腦及週邊設備:工業電腦']"
2727,241.0,844511.0,3011210.0,1677320.0,9.09,-6.82,20231455.0,1743878.0,1831023.3333333333,46.58997422068031,18.14959695764518,7.702086792665323,47.775947824368394,6.503166447604254,6.503166447604254,33.95407062684329,4.59,21.750663129973468,2.01,1796657.0,-84.8,0.0,王品,"['食品', '食品:餐飲連鎖']"
8462,114.0,793954.0,717516.0,384300.0,21.9,1.11,3915093.0,379373.0,353038.0,24.341522266935712,43.61964496181185,6.588517306407854,245.11846593528165,4.572890367670417,4.572890367670417,2034.0862422997948,0.69,2200.0,1.36,8737.0,-9.0,0.0,柏文,"['休閒娛樂', '休閒娛樂:娛樂服務業']"
6804,55.2,350000.0,34310.0,240809.0,-34.88,22.26,3086911.0,224098.0,282606.1666666667,8.606141080489008,3.3072158794119844,2.276454301205613,-41.628411119612345,4.112039844788337,4.112039844788337,-19.849751605476797,1.04,-24.63768115942028,4.71,567764.0,-5.0,0.0,明係,"['休閒娛樂', '休閒娛樂:休閒車業']"
5309,34.95,1845849.0,5875.0,281561.0,-3.2,-2.16,2972748.0,288039.6666666667,273410.5833333333,23.48940070335872,-9.891509923113768,2.3948180072189524,-76.49258917628032,6.934596907487217,6.934596907487217,-49.873453056666975,0.3,-56.52173913043478,0.0,359698.0,-169.0,0.0,系統電,"['能源元件', '能源元件:電池模組', '電腦及週邊設備', '電腦及週邊設備:其他電腦及週邊設備']"
5351,51.0,2896305.0,220.0,227394.0,6.31,3.04,2412028.0,223711.0,219087.33333333334,-8.526921743710995,-123.84382909918985,-49.341923022779525,-1590.0197013687266,-45.578131409533526,-45.578131409533526,-1725.8807834576437,-0.96,-9700.0,0.31,3048356.0,-123.365,0.0,鈺創,"['人工智慧', '人工智慧:系統整合', '人工智慧:電腦視覺', '人工智慧:領域解決方案', '元宇宙', '元宇宙:高速傳輸', '半導體', '半導體:記憶體IC', '體驗科技', '體驗科技:AR Smart Glasses', '體驗科技:CPU', '體驗科技:GPU', '體驗科技:HPU', '體驗科技:IC', '體驗科技:MR Headset & SG', '體驗科技:SLAM', '體驗科技:SoC', '體驗科技:VR Headset', '體驗科技:使用者感知', '體驗科技:其他', '體驗科技:感測器_模組', '體驗科技:手勢_動作', '體驗科技:深度感測', '體驗科技:環境感知', '體驗科技:處理器_IC', '體驗科技:視覺', '體驗科技:觸覺', '體驗科技:語音', '體驗科技:頭顯裝置品牌廠']"
6438,103.0,752817.0,414922.0,463624.0,-1.06,9.48,5314617.0,444018.3333333333,487601.75,36.74566972193973,-4.879599193703528,16.31809843380569,-26.367758443470844,15.015481001543657,15.015481001543657,-18.599854616792637,2.55,-20.31250000000001,5.83,1896187.0,-50.0,0.0,迅得,"['印刷電路板', '印刷電路板:生產製程及檢測設備', '平面顯示器', '平面顯示器:生產製程及檢測設備']"
3122,45.2,396257.0,,40376.0,32.19,-0.11,335004.0,37384.333333333336,30724.083333333332,31.001374643121498,18.027375201288244,-12.969229142434177,12.772918000142239,-8.436079094850376,-8.436079094850376,26.41579044456742,-0.2,-28.57142857142857,0.52,92340.0,282.0,0.0,笙泉,"['半導體', '半導體:LED驅動IC', '半導體:微控制器IC', '半導體:消費性IC']"
6175,37.2,1432196.0,1067.0,310930.0,1.56,-1.14,3357785.0,308886.0,308023.5833333333,18.833923748883972,-25.20335217649517,9.443547190042914,-44.81999766987275,11.275275434946842,11.275275434946842,-32.523699038780244,0.65,-30.85106382978723,4.7,832569.0,-36.0,0.0,立敦,"['被動元件', '被動元件:電容器材料(如電蝕／化成鋁箔、介面瓷粉)']"
8027,62.9,985954.0,36274.0,125717.0,-19.84,12.31,1353525.0,121264.33333333333,130032.0,41.19218259521198,-29.062984657844282,2.9958208842328204,-77.38925659643552,7.747910442116409,7.747910442116409,-65.28195568359955,0.36,-61.702127659574465,3.18,1073363.0,-12.0,0.0,鈦昇,"['半導體', '半導體:生產製程及檢測設備', '電機機械', '電機機械:專用機械(如紡織成衣生產用機械、食品飲料生產用機械、農林用機械等)']"
3088,86.4,1014234.0,82581.0,507366.0,-7.64,-10.25,6151431.0,537548.6666666666,573207.25,37.863289967273985,6.273512064707923,15.296942683727094,20.175939677824744,13.759892484650402,13.759892484650402,17.67915718779311,2.24,5.164319248826299,4.02,1969767.0,-139.0,0.0,艾訊,"['觸控面板', '觸控面板:工業用設備', '觸控面板:資訊收集設備', '電腦及週邊設備', '電腦及週邊設備:其他電腦及週邊設備', '電腦及週邊設備:工業電腦']"
5009,50.9,5298234.0,,1124313.0,0.97,-1.95,12505045.0,1113387.6666666667,1133867.0833333333,28.395628262057837,-8.236054524518968,18.384189340406103,-1.2703473162812757,16.108545017118928,16.108545017118928,-9.242333821811908,1.0,-20.63492063492064,4.66,6722955.0,-68.9,945.0,榮剛,"['航太週邊', '航太週邊:航空零組件', '鋼鐵', '鋼鐵:不鏽鋼棒線', '鋼鐵:不鏽鋼胚', '鋼鐵:鋼胚']"
1599,34.85,745287.0,71327.0,144910.0,-42.54,-15.08,1983492.0,210432.0,183060.25,22.673546947456504,4.181857902274437,8.37921419839763,-6.67459019287118,9.273481652408467,9.273481652408467,-2.529733811591467,1.2,-2.4390243902439046,4.3,492794.0,-11.0,0.0,宏佳騰,"['休閒娛樂', '休閒娛樂:休閒車業', '電動車輛產業', '電動車輛產業:電動汽車、電動機車、電動自行車']"
3645,44.9,1322053.0,938.0,98539.0,-7.83,-9.46,1447147.0,124160.0,127238.41666666667,28.092325980455072,494.9813893187236,11.87031394703637,194.8200258683239,12.388852796970122,12.388852796970122,199.72501708708853,0.5,-211.11111111111111,1.34,510236.0,-15.0,0.0,達邁,"['印刷電路板', '印刷電路板:聚亞醯胺樹脂']"
3042,97.7,3097570.0,2263.0,1035631.0,8.82,-4.99,9940231.0,1079097.6666666667,909196.6666666666,35.216977784546884,-16.678665375559586,17.82706263782379,-23.575713289452846,19.386794516375208,19.386794516375208,-29.819580977406563,1.94,-29.454545454545457,7.16,2382000.0,-1017.999,-167.52,晶技,"['被動元件', '被動元件:濾波器、振盪器']"
4556,28.75,418840.0,1526.0,51915.0,2.71,14.29,547705.0,48941.0,50049.166666666664,40.01673998275656,-20.894965353370736,7.318393213384435,-58.719960242802884,2.2057759233736727,2.2057759233736727,-80.67486353862272,0.08,-81.3953488372093,1.81,256803.0,,,旭然,"['其他', '其他:其他']"
6761,74.4,251049.0,,162187.0,-6.53,8.79,1606026.0,147553.33333333334,145554.75,27.870089080597708,-16.176470588235293,6.127748480463759,-51.47088108039609,6.327076890019636,6.327076890019636,-47.345292674111136,1.1,-50.0,7.53,388891.0,-1.0,0.0,穩得,"['其他', '其他:其他電子產品及電子服務產業']"
1474,12.15,1298970.0,49886.0,276872.0,15.39,23.88,2422644.0,245333.66666666666,220659.33333333334,7.5268105479873295,-42.73709609735627,-2.8288110140778646,-305.40702913787925,-4.74778020935463,-4.74778020935463,-223.2151164871345,-0.27,-235.0,3.29,857391.0,0.0,0.0,弘裕,"['紡織', '紡織:織布']"
3707,72.9,3332157.0,286710.0,535569.0,-21.68,2.2,6530452.0,536733.6666666666,600743.3333333334,9.135390995585764,-68.66818517038995,-0.36806765322012996,-101.89349419247789,1.2651940600723592,1.2651940600723592,-94.37516648700593,0.01,-98.94736842105263,1.37,1638696.0,-335.0,0.0,漢磊,"['半導體', '半導體:DRAM製造', '半導體:IC_晶圓製造', '半導體:其他IC_二極體製造', '半導體:晶圓製造', '半導體:砷化鎵']"
6282,40.0,8500592.0,,2721936.0,34.44,12.98,24987292.0,2950123.0,2227983.25,21.69562891392176,83.4804474825557,1.2056927558237416,-14.24872399486613,0.7689796910169033,0.7689796910169033,-81.90917191383697,0.1,-86.8421052631579,0.5,7850060.0,591.1,4.0,康舒,"['平面顯示器', '平面顯示器:其他零組件', '智慧電網', '智慧電網:配電管理設施', '智慧電網:高_低壓輸電設施', '電動車輛產業', '電動車輛產業:大功率鋰電池芯_模組、電池管理系統、動力馬達等零組件', '電腦及週邊設備', '電腦及週邊設備:電源供應器']"
6104,118.5,902792.0,,238162.0,30.91,1.44,2288523.0,238729.33333333334,208395.0,43.89553317533735,6.103069632759493,7.803076490533228,362.6472186990397,9.398469241970702,9.398469241970702,150.89944931674486,0.68,151.85185185185185,2.11,758805.0,-79.0,0.0,創惟,"['元宇宙', '元宇宙:高速傳輸', '半導體', '半導體:輸出入介面IC']"
6284,83.8,1489803.0,,628725.0,21.61,10.89,6030435.0,615353.3333333334,542714.6666666666,29.25104923381531,35.06739669017095,12.783781145860928,93.41799924053838,16.38076381433093,16.38076381433093,25.792566450518667,2.07,23.952095808383223,2.03,892502.0,373.0,0.0,佳邦,"['被動元件', '被動元件:濾波器、振盪器', '被動元件:電容器', '被動元件:電感器', '通信網路', '通信網路:主_被動元件']"
6823,67.1,222385.0,9.0,34549.0,-62.59,22.6,445498.0,29154.333333333332,43153.5,9.459952462550438,-91.26961454486093,-54.71228787795036,-201.87110187110187,-51.08285888010613,-51.08285888010613,-217.12504119033738,-2.06,-210.752688172043,4.47,155169.0,-8.0,0.0,濾能,"['半導體', '半導體:生產製程及檢測設備']"
8996,218.0,893841.0,,339390.0,9.87,19.09,4050417.0,317287.6666666667,363651.0,30.62932615447611,71.8595863457938,20.544425713202912,139.0099531734609,17.95899164935116,17.95899164935116,123.37133197520697,2.31,124.27184466019416,0.69,1320201.0,680.0,-236.2,高力,"['電機機械', '電機機械:油空壓元件']"
6274,116.0,2814788.0,,1574501.0,6.88,11.98,14567927.0,1493232.3333333333,1325902.0,20.053321831889033,16.837914348268697,9.864921855440823,57.53747716205576,8.84008380991406,8.84008380991406,36.79042980685543,1.36,36.00000000000001,3.45,2196557.0,-201.0,-379.0,台燿,"['印刷電路板', '印刷電路板:銅箔基板']"
6209,27.9,1744052.0,,198466.0,-20.56,-3.94,2511881.0,214063.66666666666,234872.33333333334,5.835742172165957,-37.84001581292098,-4.977981428744763,15.629158299663706,-0.44693774132996456,-0.44693774132996456,-108.83888998673179,-0.02,-110.00000000000001,2.51,647816.0,98.0,0.0,今國光,"['電腦及週邊設備', '電腦及週邊設備:光學鏡片、鏡頭']"
8255,179.5,1014470.0,,577259.0,45.24,15.24,5099799.0,536651.0,456288.5,24.958957441547277,25.2791897121313,5.532332363846852,-6.709305242036619,11.344355277028747,11.344355277028747,-0.10859600104776042,2.19,14.0625,2.23,1170545.0,282.003,-22.0,朋程,"['半導體', '半導體:砷化鎵', '電動車輛產業', '電動車輛產業:大功率鋰電池芯_模組、電池管理系統、動力馬達等零組件', '電機機械', '電機機械:車用機械傳動設備及零配件']"
1533,54.6,985475.0,65497.0,300250.0,-13.09,-29.41,3798903.0,352728.0,344239.6666666667,19.68842046512339,-12.965834245180588,-2.5945528534538287,-55.255633077890884,-1.9924575618390092,-1.9924575618390092,-32.09986060068432,0.05,-77.27272727272727,0.0,1931340.0,4.0,0.0,車王電,"['汽車', '汽車:ADAS', '汽車:其他', '電動車輛產業', '電動車輛產業:大功率鋰電池芯_模組、電池管理系統、動力馬達等零組件', '電機機械', '電機機械:手工具機', '電機機械:車用機械傳動設備及零配件', '電機機械:電控元件']"
8171,41.0,772505.0,370244.0,90294.0,-32.97,32.56,839422.0,85334.0,85316.33333333333,-0.79009258737389,-102.01174168297456,-8.599302136119324,-240.02169197396964,5.964123033094734,5.964123033094734,-81.65108690511846,0.16,-84.46601941747574,1.59,230392.0,-52.0,0.0,天宇,"['能源元件', '能源元件:電池模組', '通信網路', '通信網路:其他零組件', '電動車輛產業', '電動車輛產業:大功率鋰電池芯_模組、電池管理系統、動力馬達等零組件']"
6150,91.4,483460.0,78684.0,568332.0,69.45,-8.03,4815350.0,601844.6666666666,452514.1666666667,3.230557451021382,131.16377112678737,-3.617968753081501,75.21267281355053,-2.196592894698437,-2.196592894698437,79.43774092070478,-0.56,-80.0,0.0,1074596.0,-62.0,0.0,撼訊,"['區塊鏈', '區塊鏈:元件裝置', '電腦及週邊設備', '電腦及週邊設備:顯示卡']"
2012,24.7,3021627.0,470384.0,751611.0,-11.66,5.98,7699221.0,709896.3333333334,716994.25,15.825359547625226,-20.146137787056368,5.42311318881549,-40.52544424244572,2.9690557701702684,2.9690557701702684,-57.64033914607393,0.11,-75.0,6.07,3441643.0,-23.0,0.0,春雨,"['鋼鐵', '鋼鐵:模具', '鋼鐵:機械設備(如產業機械、精密機械、工具機)', '鋼鐵:線材盤元', '鋼鐵:螺絲螺帽', '鋼鐵:金屬製品', '鋼鐵:鋼線鋼纜', '風力發電', '風力發電:其他配件']"
5543,40.1,393045.0,120240.0,282119.0,-1.25,-6.01,3026286.0,277927.3333333333,281320.3333333333,13.813980603940662,-24.34743215451656,1.4318577517272892,-62.41469635348452,0.8411261584195336,0.8411261584195336,-83.2645383771357,-0.12,-700.0,1.89,848486.0,,,桓鼎-KY,"['建材營造', '建材營造:建材原料', '能源元件', '能源元件:電池模組']"
4303,19.55,675000.0,47.0,11208.0,-49.24,23.44,146752.0,10469.0,14392.25,-2.327867011119847,-106.38478126925446,-24.828709423789732,-245.18883415435138,8.09839379984275,8.09839379984275,178.86245556467048,0.04,-179.99999999999997,0.0,29539.0,-8.0,0.0,信立,"['石化及塑橡膠', '石化及塑橡膠:人造纖維', '石化及塑橡膠:塑膠製品']"
3128,30.2,420000.0,15735.0,67401.0,-20.05,-15.39,894012.0,76231.0,80923.0,29.732446495076044,-2.735255949906137,7.670354979221949,1.214616049194491,6.42251655119026,6.42251655119026,-32.600436504728805,0.36,-34.545454545454554,3.97,289893.0,-73.0,0.0,昇銳,"['人工智慧', '人工智慧:系統整合', '平面顯示器', '平面顯示器:監視器_顯示器', '汽車', '汽車:其他', '電腦及週邊設備', '電腦及週邊設備:安全監控系統', '電腦及週邊設備:磁碟儲存系統']"
4190,58.6,614775.0,1871783.0,209148.0,-27.66,-9.63,2715087.0,227585.0,245534.83333333334,65.92718587679222,0.7391511145875834,-6.308354342986709,-220.24264210289823,-6.146817277237436,-6.146817277237436,-189.85739130434783,-0.69,187.5,1.69,400271.0,-2.0,0.0,無資料,無資料
6509,39.15,1734903.0,48818.0,351191.0,-17.92,4.84,4180245.0,356622.6666666667,379947.75,27.532050082795507,-23.678865710812218,12.077701600306993,-37.74936313731118,9.219407648860049,9.219407648860049,-45.72516033850378,0.61,-46.017699115044245,3.52,1218501.0,27.0,0.0,聚和,"['石化及塑橡膠', '石化及塑橡膠:顏染料', '能源元件', '能源元件:原材料', '能源元件:電池模組', '能源元件:電池芯']"
6668,44.6,832129.0,39630.0,102533.0,-0.53,78.35,828915.0,80574.0,77983.0,10.64113875376856,-39.606373008434865,-25.310095257866205,-110.66169251914393,-28.4839420432081,-28.4839420432081,-345.58269983024576,-0.7,179.99999999999997,0.0,218147.0,-77.0,0.0,中揚光,"['電腦及週邊設備', '電腦及週邊設備:光學鏡片、鏡頭']"
5871,186.5,17645724.0,,8142075.0,5.24,-3.36,89029267.0,8248749.0,8066856.166666667,66.43452499409567,5.353474790498545,33.932075511254595,-12.182350935511113,25.8223416976548,25.8223416976548,-10.821808388464062,3.86,-13.063063063063074,3.54,0.0,260.488,0.0,中租-KY,"['太陽能產業', '太陽能產業:太陽能電廠', '金融', '金融:租賃業']"
6641,43.1,370000.0,94213.0,167596.0,6.61,-5.3,1553046.0,171668.33333333334,144656.5,32.864081517124255,-14.715681723361874,0.053891876592131335,-99.23163841807909,2.91106708180017,2.91106708180017,-68.66377419197582,0.47,-60.83333333333334,8.12,150200.0,0.0,0.0,無資料,無資料
6015,10.9,3512516.0,,153620.0,98.93,4703.62,1065456.0,72342.66666666667,93315.0,102.50432990193687,40.96682615496224,-1.3105576425818413,87.07096230785429,8.317680636190662,8.317680636190662,216.1606268364349,0.08,-214.28571428571428,0.0,,-179.0,0.0,宏遠證,"['金融', '金融:證券業']"
4739,76.8,1190293.0,,335962.0,-39.88,-5.0,4840127.0,357489.6666666667,445257.3333333333,4.787292748061419,-69.61667861673378,-2.6621755381228853,-139.30862803469694,-0.9159538477448329,-0.9159538477448329,-108.82591838956297,-0.19,-118.44660194174756,3.91,1254314.0,-81.769,0.0,康普,"['石化及塑橡膠', '石化及塑橡膠:PTA(對苯二甲酸)觸媒', '石化及塑橡膠:接著劑(合成樹脂)', '紡織', '紡織:化學助劑', '能源元件', '能源元件:原材料', '被動元件', '被動元件:濾波器、振盪器材料(鉭酸鋰／鈮酸鋰晶圓／片、石英基板、金屬及陶瓷封裝材料)', '電動車輛產業', '電動車輛產業:鋰電池材料']"
3605,33.0,1344177.0,,750603.0,-0.97,5.27,7781697.0,729312.6666666666,709207.9166666666,22.64255937479592,-6.284280195666946,-1.329628984623869,11.820259865255053,1.471625995022168,1.471625995022168,-69.71826385583769,0.24,-70.0,1.67,1234470.0,-101.0,0.0,宏致,"['連接器', '連接器:連接器設計、組裝及製造']"
2497,64.7,1227985.0,6432.0,366101.0,-13.02,9.69,3389612.0,352556.6666666667,310966.0833333333,21.395739362338755,-7.514316180245646,6.3696688353276425,-2.13506646640183,8.909021306842838,8.909021306842838,-17.39281448285794,0.79,-19.387755102040817,1.08,1029788.0,-71.0,0.0,怡利電,"['其他', '其他:其他電子產品及電子服務產業', '汽車', '汽車:ADAS', '汽車:其他']"
3576,14.3,16277954.0,526900.0,741857.0,-58.03,-5.14,11793705.0,785241.0,1142969.4166666667,-33.09220663245425,-284.1544967769097,-41.43012413564479,-196458.55855855855,-52.08412772213201,-52.08412772213201,-830.3391989935443,-0.84,-800.0,0.7,2335960.0,-2366.0,0.0,聯合再生,"['太陽能產業', '太陽能產業:太陽能電池', '太陽能產業:太陽能電池模組']"
2905,13.6,11224957.0,4417138.0,-4129985.0,68.7,-132.62,158148216.0,9258139.333333334,14389527.583333334,,68.71241578544034,,431.7191618089198,,,74.40150454796576,1.26,59.49367088607593,0.0,5669265.0,-135.0,0.0,三商,"['貿易百貨', '貿易百貨:零售通路']"
9921,182.5,3920646.0,,5469364.0,-28.09,4.94,72779890.0,5670250.0,6533014.416666667,21.46205374297932,-27.46471568648672,5.986727699573815,-50.528648461898015,5.8940613833647415,5.8940613833647415,-45.50217827560919,2.81,-47.47663551401868,4.27,35333841.0,190.091,-357.3,巨大,"['其他', '其他:其他']"
3167,48.45,825381.0,149329.0,158724.0,18.3,0.31,1137556.0,145908.0,105853.83333333333,25.546013226447702,-3.103478014464006,-6.118856133147973,33.387553041018386,3.0139540322475864,3.0139540322475864,-44.57982440422864,0.11,-47.61904761904761,4.75,897296.0,21.0,0.0,大量,"['鋼鐵', '鋼鐵:機械設備(如產業機械、精密機械、工具機)', '電機機械', '電機機械:專用機械(如紡織成衣生產用機械、食品飲料生產用機械、農林用機械等)']"
4148,49.05,640340.0,4908.0,227467.0,-23.23,19.82,2673385.0,206002.66666666666,246685.66666666666,28.443312457072494,-51.574679538684045,12.481758078357858,-66.30934090053931,13.433750422922163,13.433750422922163,-52.44036602920008,1.07,-56.85483870967742,5.1,646280.0,20.0,0.0,無資料,無資料
6182,45.0,5418836.0,,709663.0,-30.02,-2.13,9317852.0,776822.3333333334,857906.5833333334,27.427620282863867,-45.88465605547884,9.89079306278738,-68.39008798369001,11.894582106137026,11.894582106137026,-67.62319224992213,0.23,-82.3076923076923,5.55,2977261.0,1909.2,-2709.0,合晶,"['半導體', '半導體:晶圓製造']"
5457,58.1,1710239.0,15618.0,1412577.0,-0.54,3.13,15397144.0,1507502.3333333333,1382286.25,24.212137387117508,-9.463649253088306,12.40806628528717,3.7384405212274063,10.936477437746515,10.936477437746515,-22.444941283081654,1.3,-35.96059113300492,3.16,2427588.0,-329.5,0.0,宣德,"['連接器', '連接器:連接器設計、組裝及製造']"
1805,14.95,701858.0,157879.0,458.0,-10.72,-15.02,145025.0,542.6666666666666,12143.5,1.6212291031935215,-60.34749034749035,-18.78068416815319,35.31778393954222,-2.407375250603817,-2.407375250603817,88.53900496016834,-0.02,-84.61538461538461,0.0,535640.0,3.0,0.0,寶徠,"['建材營造', '建材營造:建設業']"
3138,153.5,468004.0,,163779.0,-8.14,-2.6,1599590.0,156399.66666666666,147858.75,42.77511817402283,-6.61031459321141,13.653247038647324,25.15009084445849,15.606727193598566,15.606727193598566,-21.865191081771997,1.55,-20.918367346938773,2.28,310519.0,-71.224,0.0,耀登,"['太空衛星科技', '太空衛星科技:低軌衛星', '通信網路', '通信網路:其他零組件']"
3631,36.4,818209.0,,4237.0,-20.28,16.72,62514.0,3785.6666666666665,6088.75,15.680149929720443,151.32924335378323,-161.41652350460723,8.45438441098317,-64.88364828986413,-64.88364828986413,7.068560563695336,-0.08,-11.111111111111105,0.0,256283.0,0.0,0.0,晟楠,"['半導體', '半導體:化學品']"
1909,14.75,13276857.0,198352.0,3917114.0,-10.08,-2.69,42363119.0,3996680.6666666665,3892853.25,10.721768503685887,45.1811197765103,1.1230833967670102,134.17403655254134,-0.999313583861613,-0.999313583861613,76.22593430325539,-0.09,-76.31578947368422,1.69,3532904.0,-522.0,0.0,榮成,"['造紙', '造紙:紙漿、紙類原料']"
5245,40.75,449900.0,15776.0,65484.0,-38.71,5.02,824321.0,61908.0,76178.91666666667,2.123345340049123,-96.07391576697741,-32.66673641522312,-238.3428981348637,-29.66206824398045,-29.66206824398045,-220.55643299720566,-1.36,-219.2982456140351,6.13,243760.0,0.0,0.0,智晶,"['平面顯示器', '平面顯示器:面板', '平面顯示器:顯示器模組']"
6552,37.4,830000.0,33331.0,155460.0,3.62,-9.85,1625397.0,167463.0,147845.66666666666,6.660003219120783,267.7981375788525,-0.5534105789847052,95.86789121500318,4.528428612022423,4.528428612022423,13384.615384615385,0.27,inf,1.2,239922.0,-16.0,0.0,易華電,"['半導體', '半導體:基板']"
3687,94.1,300596.0,154180.0,145681.0,0.69,6.27,1475689.0,140728.66666666666,135177.83333333334,40.732498063153535,-5.7458664474285195,19.15183395921026,-12.807782171099927,19.783221234745792,19.783221234745792,9.37998772252916,0.43,16.216216216216207,1.59,15.0,38.0,0.0,歐買尬,"['休閒娛樂', '休閒娛樂:營運發行', '休閒娛樂:線上遊戲業', '休閒娛樂:設計開發', '電子商務', '電子商務:金流串接處理服務']"
2492,125.0,4858043.0,,2807530.0,4.82,2.99,30255493.0,2822808.0,2718928.8333333335,19.3050197493146,43.79225018020744,7.006567761869007,390.20054584537604,15.08159501966301,15.08159501966301,79.6931299049583,2.19,108.57142857142854,1.92,6937903.0,939.2,-498.0,華新科,"['被動元件', '被動元件:濾波器、振盪器', '被動元件:電容器', '被動元件:電容器材料(如電蝕／化成鋁箔、介面瓷粉)', '被動元件:電感器', '被動元件:電阻器']"
6224,56.1,856453.0,7363.0,216379.0,-9.75,-9.15,2592748.0,236172.66666666666,234397.33333333334,30.437048442496746,53.19630922495049,2.7108584363114745,208.38726650881347,3.3921591851237713,3.3921591851237713,255.23704520396913,0.68,36.00000000000001,2.67,642386.0,-23.0,0.0,聚鼎,"['LED照明產業', 'LED照明產業:燈具_應用', 'LED照明產業:生產製程、檢測設備及原物料', '印刷電路板', '印刷電路板:基板組裝加工及相關製造', '印刷電路板:銅箔基板', '平面顯示器', '平面顯示器:其他零組件', '被動元件', '被動元件:電阻器', '電腦及週邊設備', '電腦及週邊設備:其他電腦及週邊設備之零組件']"
2358,8.81,1366228.0,3647.0,44166.0,-55.3,-43.65,890417.0,53609.0,136567.83333333334,-38.538151697485915,-451.6497050625527,-201.4335746304176,-1344.9982163787392,-168.15944077802325,-168.15944077802325,-749.1946188340808,-1.75,695.4545454545454,0.0,1759486.0,116.0,0.0,廷鑫,"['其他', '其他:其他']"
3016,63.3,2885394.0,32942.0,355925.0,-21.0,2.71,3912674.0,340999.0,363330.6666666667,10.59361728250645,-64.19782531986355,3.267249105025489,-84.33332251679268,4.155021283136776,4.155021283136776,-78.71283450800145,0.15,-78.57142857142857,3.16,899129.0,-135.0,0.0,嘉晶,"['半導體', '半導體:晶圓製造']"
6283,28.1,1479063.0,0.0,117334.0,11.75,-0.73,1172968.0,118277.66666666667,106777.5,5.331772008052747,234.8260520749763,-16.573314028276908,40.826708407134326,-11.006477961662926,-11.006477961662926,4.497222083187347,-0.26,13.043478260869556,0.0,238546.0,-15.0,0.0,淳安,"['汽車', '汽車:其他', '電腦及週邊設備', '電腦及週邊設備:其他電腦及週邊設備之零組件']"
6654,44.0,369627.0,27108.0,30015.0,-25.07,-1.63,381062.0,30539.333333333332,34477.916666666664,16.162789658531356,-50.51845366747831,-9.415633741141566,-230.250958091235,-3.9178187472631567,-3.9178187472631567,-140.55129035241882,-0.13,-146.42857142857142,2.27,293270.0,,,天正國際,"['其他', '其他:其他電子產品及電子服務產業']"
8104,34.35,746517.0,55086.0,197114.0,-27.12,-17.28,2408952.0,223351.0,221904.5,11.178450776165144,-38.048453446120995,-3.279995937715622,-218.3552489760724,-25.249188289867885,-25.249188289867885,-1039.2855158619923,-2.41,-1953.846153846154,4.37,456654.0,-6.0,0.0,錸寶,"['平面顯示器', '平面顯示器:面板', '平面顯示器:顯示器模組']"
3713,25.9,780900.0,143317.0,117215.0,-46.01,212.11,591200.0,65765.0,64339.166666666664,19.731569988215266,-26.708980812723425,0.33390074636637423,-97.1852751255588,0.18069922744533193,0.18069922744533193,-97.69134253450439,0.05,-66.66666666666666,0.0,254782.0,,,新晶投控,"['太陽能產業', '太陽能產業:太陽能發電設備_系統及系統工程', '太陽能產業:太陽能電廠', '太陽能產業:太陽能電池模組']"
4171,42.25,574575.0,4935.0,19379.0,-24.09,12.89,207179.0,16783.0,19263.166666666668,40.845041193682945,-75.02854677865463,-89.97447444331459,-279.70654066152696,-53.694979973851865,-53.694979973851865,-169.60053799596503,-0.43,-153.75,9.47,124697.0,-111.0,0.0,瑞基,"['其他', '其他:農業科技業', '醫療器材', '醫療器材:生物檢測']"
6706,64.0,735369.0,643382.0,74216.0,-41.84,-26.53,1247914.0,84694.33333333333,114738.25,1.3974926253687316,-98.50380956140697,-61.17588495575221,-423.2077456557313,-2.8919616519174043,-2.8919616519174043,-103.20126368894313,-0.11,-103.30330330330331,5.47,1056710.0,-38.0,0.0,惠特,"['LED照明產業', 'LED照明產業:生產製程、檢測設備及原物料', '其他', '其他:其他電子產品及電子服務產業', '半導體', '半導體:生產製程及檢測設備', '印刷電路板', '印刷電路板:生產製程及檢測設備']"
3149,23.1,1443296.0,10076.0,160557.0,-30.83,-3.15,1690928.0,161797.66666666666,153894.41666666666,2.7626390272415184,127.34309751278239,-10.791024870543103,55.039617205186254,-5.158723624957808,-5.158723624957808,56.388975884747886,-0.17,-34.61538461538461,0.0,151796.0,-206.0,0.0,正達,"['建材營造', '建材營造:建材原料', '觸控面板', '觸控面板:玻璃基板']"
3018,14.85,390736.0,76139.0,87546.0,-11.32,143.01,565891.0,48218.0,53896.5,0.36384456264775417,,-19.770427009456267,,-28.393727836879435,-28.393727836879435,,-0.44,-2300.0,0.0,0.0,,,同開,"['建材營造', '建材營造:機電工程', '電機機械', '電機機械:機電系統工程']"
6547,69.2,3286081.0,0.0,63178.0,601.27,-25.35,366107.0,88160.0,30991.666666666668,51.00281282354342,5322.893326838773,-39.84634836865396,76.60143976240693,-23.836159900314264,-23.836159900314264,83.1755362836208,-0.16,-83.1578947368421,0.0,840773.0,-349.05,0.0,高端疫苗,"['製藥', '製藥:中、西藥製劑', '製藥:中藥材、西藥原料藥']"
3141,96.5,750703.0,25146.0,127831.0,22.96,-1.31,1725391.0,129692.33333333333,159634.58333333334,41.92262544132777,-31.924328063822898,7.797734781840184,-70.30395084315722,18.420193889621604,18.420193889621604,-3.9309309664228054,1.18,-8.527131782945741,2.76,983673.0,37.0,0.0,晶宏,"['半導體', '半導體:平面顯示器驅動IC']"
6558,27.0,937509.0,878.0,94468.0,4.15,-5.69,1110055.0,100457.33333333333,98068.0,21.1934205429244,139.78625130642934,3.97479066718317,142.78062860808208,12.536130397210881,12.536130397210881,4512.938596491228,0.45,4400.0,0.0,195770.0,-17.0,0.0,興能高,"['能源元件', '能源元件:電池芯']"
6869,89.9,1162091.0,722479.0,341355.0,-50.54,-13.15,6290688.0,365892.0,591642.1,18.251725903765223,-9.600227319103006,13.04147944509258,4.697787421873551,18.506655269733827,18.506655269733827,86.34800510210016,4.1,78.26086956521738,2.22,34273.0,-2.0,0.0,雲豹能源-創,"['太陽能產業', '太陽能產業:太陽能發電設備_系統及系統工程', '太陽能產業:太陽能電廠', '智慧電網', '智慧電網:系統整合服務', '智慧電網:能源管理服務', '智慧電網:電力零售業', '風力發電', '風力發電:發電營運', '風力發電:風場開發']"
6873,123.0,1000000.0,659840.0,926657.0,-21.38,327.4,4164169.0,573533.6666666666,395753.9,24.609314536010718,23.866057838660577,10.756010328754963,2.6632487329510988,9.302234992501504,9.302234992501504,48.389312228145336,0.93,29.166666666666675,3.25,70264.0,-17.0,0.0,泓德能源-創,"['太陽能產業', '太陽能產業:太陽能發電設備_系統及系統工程', '太陽能產業:太陽能電廠', '智慧電網', '智慧電網:系統整合服務', '智慧電網:能源管理服務', '智慧電網:電力零售業', '風力發電', '風力發電:發電營運', '風力發電:風場開發']"
5546,32.3,823534.0,108286.0,358274.0,54.07,19.21,3449281.0,329836.6666666667,315140.9166666667,10.577136070107782,11.153726776925463,4.968956547605234,203.3955223880597,3.553172592312869,3.553172592312869,176.56725917170525,0.33,-164.70588235294116,4.64,58695.0,0.0,0.0,無資料,無資料
5225,60.6,703033.0,,820158.0,-15.17,-12.8,9890284.0,1064418.6666666667,887506.9166666666,15.390712584814567,-3.233011805734816,5.8659534618196885,4.169187886242573,6.171640611340784,6.171640611340784,-11.629887944204052,3.27,-20.243902439024385,5.03,1073396.0,64.0,0.0,東科-KY,"['其他', '其他:其他電子產品及電子服務產業']"
6727,58.0,240729.0,1449457.0,110263.0,-11.71,15.07,1229411.0,115698.66666666667,110110.5,25.121113511135672,127.11536010197577,4.970588732918624,86.64760694620924,11.116500200210927,11.116500200210927,-34.49971754228558,1.64,-38.113207547169814,6.85,1534977.0,-6.0,0.0,亞泰金屬,"['印刷電路板', '印刷電路板:生產製程及檢測設備']"
4971,61.7,367857.0,3218.0,62732.0,7.74,-1.68,614436.0,67387.33333333333,57685.583333333336,31.258187813099518,-11.184999302941586,5.615061160203917,-58.69188564828184,21.860663660584173,21.860663660584173,99.48956747559774,1.22,96.7741935483871,3.24,239317.0,3.0,0.0,IET-KY,"['半導體', '半導體:其他IC_二極體製造', '半導體:砷化鎵']"
2061,16.5,471083.0,,85505.0,-9.1,32.95,803231.0,74416.66666666667,75054.91666666667,1.2733321753537405,617.9347826086956,-5.006034855185745,22.82340016478989,5.003362594586891,5.003362594586891,166.9886702444842,0.24,-166.66666666666666,0.0,162006.0,-2.0,0.0,風青,"['其他', '其他:其他']"
5498,11.25,1923135.0,,91886.0,-18.8,-6.86,970864.0,97128.66666666667,89662.0,1.0408048334503688,-89.31324957167332,-13.072633855010393,-291.6779502135194,-8.580208717175019,-8.580208717175019,-189.79687683456618,-0.13,160.0,1.91,469436.0,-42.0,0.0,凱崴,"['印刷電路板', '印刷電路板:基板組裝加工及相關製造', '印刷電路板:銅箔基板']"
1598,36.25,1596097.0,188363.0,855898.0,1.82,22.97,6967556.0,712447.0,642576.75,35.74405435605594,46.387909369451776,-6.1067102661542165,40.48650040375906,-0.2662322729475227,-0.2662322729475227,-106.28552797584452,0.17,-72.13114754098359,1.38,2898540.0,-52.0,0.0,岱宇,"['其他', '其他:其他', '運動科技', '運動科技:健身器材']"
2069,17.75,1663868.0,189391.0,959585.0,-13.82,9.87,10897419.0,934633.3333333334,984989.3333333334,3.3387993718921405,-11.655802730594637,-0.7477396416163773,63.251652426245364,-1.5890328457635685,-1.5890328457635685,47.699815380629005,-0.29,-48.21428571428572,5.63,3160719.0,5.0,0.0,運錩,"['鋼鐵', '鋼鐵:冷熱軋不鏽鋼板捲', '鋼鐵:裁剪加工']"
2230,171.5,486091.0,9418.0,83624.0,79.65,25.58,579617.0,70804.66666666667,52342.75,35.13910732686155,124.36026178191766,21.401377515049624,403.47027302883384,23.691089538478224,23.691089538478224,213.3715925394548,0.93,158.33333333333334,0.83,206092.0,-261.0,0.0,泰茂,"['電機機械', '電機機械:車用機械傳動設備及零配件']"
2421,93.6,2725243.0,107863.0,1195262.0,-9.24,10.67,11923963.0,1111312.6666666667,1087218.5833333333,28.968995665538422,8.484697572828228,12.270813370399113,22.57802311121895,11.71840937769082,11.71840937769082,8.42004135017304,1.49,4.929577464788748,2.78,2107387.0,-268.879,0.0,建準,"['平面顯示器', '平面顯示器:其他零組件', '醫療器材', '醫療器材:塑化材料', '電動車輛產業', '電動車輛產業:大功率鋰電池芯_模組、電池管理系統、動力馬達等零組件', '電機機械', '電機機械:車用機械傳動設備及零配件', '電機機械:輸送機械及零配件', '電腦及週邊設備', '電腦及週邊設備:散熱片、風扇馬達、散熱模組', '體驗科技', '體驗科技:散熱元件_模組']"
2461,22.75,1693030.0,,480348.0,-10.38,0.64,5157409.0,466008.0,472129.6666666667,22.241361910628097,21.68110423607806,1.2592522993725663,156.10928487254233,1.103768430649949,1.103768430649949,169.12046722454673,0.26,-39.534883720930225,7.82,1377509.0,-94.0,0.0,光群雷,"['其他', '其他:其他']"
2731,136.5,932279.0,2748135.0,1958281.0,295.12,-24.85,20012568.0,2257479.6666666665,1722278.9166666667,14.467001680480763,623.939159150575,4.648824016729344,235.58035029264124,4.2473666480113605,4.2473666480113605,242.56895177160388,2.83,-219.91525423728814,0.0,2144.0,-126.0,-245.0,雄獅,"['休閒娛樂', '休閒娛樂:旅遊服務業']"
3310,107.0,595009.0,258719.0,208879.0,47.07,-14.34,1928209.0,222796.0,169241.33333333334,20.739585389930898,124.15711156001935,9.80730503455084,220.96058582812836,10.024613359657781,10.024613359657781,79.41155685378436,1.29,61.25000000000001,2.82,3684412.0,-1.0,0.0,佳穎,"['半導體', '半導體:導線架', '建材營造', '建材營造:建設業', '汽車', '汽車:其他', '連接器', '連接器:金屬材料', '醫療器材', '醫療器材:金屬零件', '電動車輛產業', '電動車輛產業:大功率鋰電池芯_模組、電池管理系統、動力馬達等零組件', '電腦及週邊設備', '電腦及週邊設備:金屬、塑膠模具']"
3325,36.1,846512.0,,130643.0,25.98,-4.92,1531143.0,129604.0,135861.08333333334,3.68530584645674,524.9035812672175,-9.541080981633204,22.11277770192514,-7.542643604833141,-7.542643604833141,-90.3406692794694,-0.3,114.28571428571428,0.0,248415.0,51.0,0.0,旭品,"['電腦及週邊設備', '電腦及週邊設備:機殼', '電腦及週邊設備:電源供應器']"
3483,150.5,827177.0,842.0,672390.0,18.9,-13.07,7687024.0,785218.3333333334,683312.0,24.595199854141203,76.92393977307044,10.566526285570575,713.4761596946471,10.744491611319889,10.744491611319889,67.34128343245011,3.43,66.50485436893203,2.65,1185806.0,-136.0,0.0,力致,"['LED照明產業', 'LED照明產業:燈具_應用', '電腦及週邊設備', '電腦及週邊設備:散熱片、風扇馬達、散熱模組']"
4175,85.4,422487.0,97127.0,617663.0,10.53,-3.87,6706742.0,621539.3333333334,620202.8333333334,30.50885156899418,4.551532539692843,1.1790185993349958,-50.70817684058102,0.7822782453588253,0.7822782453588253,-64.08695652173914,0.34,-69.91150442477876,4.34,1176182.0,-17.0,0.0,杏一,"['製藥', '製藥:藥品代理銷售及通路', '醫療器材', '醫療器材:醫療器材代理', '醫療器材:醫療器材代理銷售及通路', '醫療器材:醫療院所、醫療器材專賣店、藥局等通路', '食品生技', '食品生技:保健食品代理銷售及通路']"
4433,32.75,612998.0,60817.0,341439.0,55.24,69.34,2564108.0,256480.33333333334,236078.5,24.444093928774038,12.404839545302167,5.0336406678295535,11.157944034656364,6.63442217049907,6.63442217049907,13.298474353750736,0.85,14.864864864864868,4.57,690488.0,-7.0,0.0,興采,"['紡織', '紡織:成衣及其它家居紡織類品', '紡織:染整']"
4912,82.1,621928.0,58101.0,429461.0,3.96,6.15,4292331.0,455077.3333333333,383194.25,25.095540799716126,6.812680711043222,10.638101232434154,33.25277585303611,9.411738515371864,9.411738515371864,-7.522056435308857,2.07,5.076142131979688,3.06,752707.0,4.0,0.0,聯德控股-KY,"['電腦及週邊設備', '電腦及週邊設備:散熱片、風扇馬達、散熱模組']"
6593,185.0,229128.0,221.0,56049.0,57.68,-22.19,616791.0,66593.33333333333,54558.083333333336,31.152607043563723,182.74661324174778,12.046375471033725,522.2733971997053,9.668739127464223,9.668739127464223,541.7046818727491,0.83,-495.23809523809524,0.27,180715.0,67.0,0.0,台灣銘板,"['軟體服務', '軟體服務:資料處理服務']"
6655,,740334.0,82235.0,240593.0,-4.71,11.52,2140033.0,216401.66666666666,197880.08333333334,48.36494175244832,-12.286518103505282,17.462664056893498,-24.171110679304213,14.572577824993827,14.572577824993827,-20.03219557447273,1.27,-19.10828025477708,0.0,1085693.0,,,無資料,無資料
7402,77.3,348420.0,5209.0,35370.0,-10.58,-25.77,511329.0,39144.666666666664,45565.416666666664,30.375559700280093,-16.158137365692657,6.556535414649363,-51.057533714951006,13.159211578078594,13.159211578078594,-25.26665436427385,0.6,-42.307692307692314,2.14,181816.0,-187.0,0.0,邑錡,"['電腦及週邊設備', '電腦及週邊設備:其他電腦及週邊設備']"
8927,51.3,3261370.0,410380.0,673332.0,18.03,-2.1,7025996.0,677973.0,631040.6666666666,16.765574615817826,54.32993704693699,5.725033208262738,1380.0712618257771,3.9742508239688807,3.9742508239688807,155.45746143271728,0.19,89.99999999999999,3.13,1000662.0,-7.0,0.0,北基,"['油電燃氣', '油電燃氣:加油站']"
