,date,融資維持率
0,2007-01-02,
1,2007-01-03,
2,2007-01-04,
3,2007-01-05,
4,2007-01-08,
5,2007-01-09,
6,2007-01-10,
7,2007-01-11,
8,2007-01-12,
9,2007-01-15,
10,2007-01-16,
11,2007-01-17,
12,2007-01-18,
13,2007-01-19,
14,2007-01-22,
15,2007-01-23,
16,2007-01-24,
17,2007-01-25,
18,2007-01-26,
19,2007-01-29,
20,2007-01-30,
21,2007-01-31,
22,2007-02-01,
23,2007-02-02,
24,2007-02-05,
25,2007-02-06,
26,2007-02-07,
27,2007-02-08,
28,2007-02-09,
29,2007-02-12,
30,2007-02-13,
31,2007-02-14,
32,2007-02-26,
33,2007-02-27,
34,2007-03-01,
35,2007-03-02,
36,2007-03-03,
37,2007-03-05,
38,2007-03-06,
39,2007-03-07,
40,2007-03-08,
41,2007-03-09,
42,2007-03-12,
43,2007-03-13,
44,2007-03-14,
45,2007-03-15,
46,2007-03-16,
47,2007-03-19,
48,2007-03-20,
49,2007-03-21,
50,2007-03-22,
51,2007-03-23,
52,2007-03-26,
53,2007-03-27,
54,2007-03-28,
55,2007-03-29,
56,2007-03-30,
57,2007-04-02,
58,2007-04-03,
59,2007-04-04,
60,2007-04-09,
61,2007-04-10,
62,2007-04-11,
63,2007-04-12,
64,2007-04-13,
65,2007-04-14,
66,2007-04-16,
67,2007-04-17,
68,2007-04-18,
69,2007-04-19,
70,2007-04-20,
71,2007-04-23,
72,2007-04-24,
73,2007-04-25,
74,2007-04-26,
75,2007-04-27,
76,2007-04-30,
77,2007-05-02,
78,2007-05-03,
79,2007-05-04,
80,2007-05-07,
81,2007-05-08,
82,2007-05-09,
83,2007-05-10,
84,2007-05-11,
85,2007-05-14,
86,2007-05-15,
87,2007-05-16,
88,2007-05-17,
89,2007-05-18,
90,2007-05-21,
91,2007-05-22,
92,2007-05-23,
93,2007-05-24,
94,2007-05-25,
95,2007-05-28,
96,2007-05-29,
97,2007-05-30,
98,2007-05-31,
99,2007-06-01,
100,2007-06-04,
101,2007-06-05,
102,2007-06-06,
103,2007-06-07,
104,2007-06-08,
105,2007-06-11,
106,2007-06-12,
107,2007-06-13,
108,2007-06-14,
109,2007-06-15,
110,2007-06-20,
111,2007-06-21,
112,2007-06-22,
113,2007-06-23,
114,2007-06-25,
115,2007-06-26,
116,2007-06-27,
117,2007-06-28,
118,2007-06-29,
119,2007-07-02,
120,2007-07-03,
121,2007-07-04,
122,2007-07-05,
123,2007-07-06,
124,2007-07-09,
125,2007-07-10,
126,2007-07-11,
127,2007-07-12,
128,2007-07-13,
129,2007-07-16,
130,2007-07-17,
131,2007-07-18,
132,2007-07-19,
133,2007-07-20,
134,2007-07-23,
135,2007-07-24,
136,2007-07-25,
137,2007-07-26,
138,2007-07-27,
139,2007-07-30,
140,2007-07-31,
141,2007-08-01,
142,2007-08-02,
143,2007-08-03,
144,2007-08-06,
145,2007-08-07,
146,2007-08-08,
147,2007-08-09,
148,2007-08-10,
149,2007-08-13,
150,2007-08-14,
151,2007-08-15,
152,2007-08-16,
153,2007-08-17,
154,2007-08-20,
155,2007-08-21,
156,2007-08-22,
157,2007-08-23,
158,2007-08-24,
159,2007-08-27,
160,2007-08-28,
161,2007-08-29,
162,2007-08-30,
163,2007-08-31,
164,2007-09-03,
165,2007-09-04,
166,2007-09-05,
167,2007-09-06,
168,2007-09-07,
169,2007-09-10,
170,2007-09-11,
171,2007-09-12,
172,2007-09-13,
173,2007-09-14,
174,2007-09-17,
175,2007-09-19,
176,2007-09-20,
177,2007-09-21,
178,2007-09-26,
179,2007-09-27,
180,2007-09-28,
181,2007-09-29,
182,2007-10-01,
183,2007-10-02,
184,2007-10-03,
185,2007-10-04,
186,2007-10-05,
187,2007-10-08,
188,2007-10-09,
189,2007-10-11,
190,2007-10-12,
191,2007-10-15,
192,2007-10-16,
193,2007-10-17,
194,2007-10-18,
195,2007-10-19,
196,2007-10-22,
197,2007-10-23,
198,2007-10-24,
199,2007-10-25,
200,2007-10-26,
201,2007-10-29,
202,2007-10-30,
203,2007-10-31,
204,2007-11-01,
205,2007-11-02,
206,2007-11-05,
207,2007-11-06,
208,2007-11-07,
209,2007-11-08,
210,2007-11-09,
211,2007-11-12,
212,2007-11-13,
213,2007-11-14,
214,2007-11-15,
215,2007-11-16,
216,2007-11-19,
217,2007-11-20,
218,2007-11-21,
219,2007-11-22,
220,2007-11-23,
221,2007-11-26,
222,2007-11-27,
223,2007-11-28,
224,2007-11-29,
225,2007-11-30,
226,2007-12-03,
227,2007-12-04,
228,2007-12-05,
229,2007-12-06,
230,2007-12-07,
231,2007-12-10,
232,2007-12-11,
233,2007-12-12,
234,2007-12-13,
235,2007-12-14,
236,2007-12-17,
237,2007-12-18,
238,2007-12-19,
239,2007-12-20,
240,2007-12-21,
241,2007-12-24,
242,2007-12-25,
243,2007-12-26,
244,2007-12-27,
245,2007-12-28,
246,2007-12-31,
247,2008-01-02,
248,2008-01-03,
249,2008-01-04,
250,2008-01-07,
251,2008-01-08,
252,2008-01-09,
253,2008-01-10,
254,2008-01-11,
255,2008-01-14,
256,2008-01-15,
257,2008-01-16,
258,2008-01-17,
259,2008-01-18,
260,2008-01-21,
261,2008-01-22,
262,2008-01-23,
263,2008-01-24,
264,2008-01-25,
265,2008-01-28,
266,2008-01-29,
267,2008-01-30,
268,2008-01-31,
269,2008-02-01,
270,2008-02-12,
271,2008-02-13,
272,2008-02-14,
273,2008-02-15,
274,2008-02-18,
275,2008-02-19,
276,2008-02-20,
277,2008-02-21,
278,2008-02-22,
279,2008-02-25,
280,2008-02-26,
281,2008-02-27,
282,2008-02-29,
283,2008-03-03,
284,2008-03-04,
285,2008-03-05,
286,2008-03-06,
287,2008-03-07,
288,2008-03-10,
289,2008-03-11,
290,2008-03-12,
291,2008-03-13,
292,2008-03-14,
293,2008-03-17,
294,2008-03-18,
295,2008-03-19,
296,2008-03-20,
297,2008-03-21,
298,2008-03-24,
299,2008-03-25,
300,2008-03-26,
301,2008-03-27,
302,2008-03-28,
303,2008-03-31,
304,2008-04-01,
305,2008-04-02,
306,2008-04-03,
307,2008-04-07,
308,2008-04-08,
309,2008-04-09,
310,2008-04-10,
311,2008-04-11,
312,2008-04-14,
313,2008-04-15,
314,2008-04-16,
315,2008-04-17,
316,2008-04-18,
317,2008-04-21,
318,2008-04-22,
319,2008-04-23,
320,2008-04-24,
321,2008-04-25,
322,2008-04-28,
323,2008-04-29,
324,2008-04-30,
325,2008-05-02,
326,2008-05-05,
327,2008-05-06,
328,2008-05-07,
329,2008-05-08,
330,2008-05-09,
331,2008-05-12,
332,2008-05-13,
333,2008-05-14,
334,2008-05-15,
335,2008-05-16,
336,2008-05-19,
337,2008-05-20,
338,2008-05-21,
339,2008-05-22,
340,2008-05-23,
341,2008-05-26,
342,2008-05-27,
343,2008-05-28,
344,2008-05-29,
345,2008-05-30,
346,2008-06-02,
347,2008-06-03,
348,2008-06-04,
349,2008-06-05,
350,2008-06-06,
351,2008-06-09,
352,2008-06-10,
353,2008-06-11,
354,2008-06-12,
355,2008-06-13,
356,2008-06-16,
357,2008-06-17,
358,2008-06-18,
359,2008-06-19,
360,2008-06-20,
361,2008-06-23,
362,2008-06-24,
363,2008-06-25,
364,2008-06-26,
365,2008-06-27,
366,2008-06-30,
367,2008-07-01,
368,2008-07-02,
369,2008-07-03,
370,2008-07-04,
371,2008-07-07,
372,2008-07-08,
373,2008-07-09,
374,2008-07-10,
375,2008-07-11,
376,2008-07-14,
377,2008-07-15,
378,2008-07-16,
379,2008-07-17,
380,2008-07-18,
381,2008-07-21,
382,2008-07-22,
383,2008-07-23,
384,2008-07-24,
385,2008-07-25,
386,2008-07-29,
387,2008-07-30,
388,2008-07-31,
389,2008-08-01,
390,2008-08-04,
391,2008-08-05,
392,2008-08-06,
393,2008-08-07,
394,2008-08-08,
395,2008-08-11,
396,2008-08-12,
397,2008-08-13,
398,2008-08-14,
399,2008-08-15,
400,2008-08-18,
401,2008-08-19,
402,2008-08-20,
403,2008-08-21,
404,2008-08-22,
405,2008-08-25,
406,2008-08-26,
407,2008-08-27,
408,2008-08-28,
409,2008-08-29,
410,2008-09-01,
411,2008-09-02,
412,2008-09-03,
413,2008-09-04,
414,2008-09-05,
415,2008-09-08,
416,2008-09-09,
417,2008-09-10,
418,2008-09-11,
419,2008-09-12,
420,2008-09-15,
421,2008-09-16,
422,2008-09-17,
423,2008-09-18,
424,2008-09-19,
425,2008-09-22,
426,2008-09-23,
427,2008-09-24,
428,2008-09-25,
429,2008-09-26,
430,2008-09-30,
431,2008-10-01,
432,2008-10-02,
433,2008-10-03,
434,2008-10-06,
435,2008-10-07,
436,2008-10-08,
437,2008-10-09,
438,2008-10-13,
439,2008-10-14,
440,2008-10-15,
441,2008-10-16,
442,2008-10-17,
443,2008-10-20,
444,2008-10-21,
445,2008-10-22,
446,2008-10-23,
447,2008-10-24,
448,2008-10-27,
449,2008-10-28,
450,2008-10-29,
451,2008-10-30,
452,2008-10-31,
453,2008-11-03,
454,2008-11-04,
455,2008-11-05,
456,2008-11-06,
457,2008-11-07,
458,2008-11-10,
459,2008-11-11,
460,2008-11-12,
461,2008-11-13,
462,2008-11-14,
463,2008-11-17,
464,2008-11-18,
465,2008-11-19,
466,2008-11-20,
467,2008-11-21,
468,2008-11-24,
469,2008-11-25,
470,2008-11-26,
471,2008-11-27,
472,2008-11-28,
473,2008-12-01,
474,2008-12-02,
475,2008-12-03,
476,2008-12-04,
477,2008-12-05,
478,2008-12-08,
479,2008-12-09,
480,2008-12-10,
481,2008-12-11,
482,2008-12-12,
483,2008-12-15,
484,2008-12-16,
485,2008-12-17,
486,2008-12-18,
487,2008-12-19,
488,2008-12-22,
489,2008-12-23,
490,2008-12-24,
491,2008-12-25,
492,2008-12-26,
493,2008-12-29,
494,2008-12-30,
495,2008-12-31,
496,2009-01-05,149.6
497,2009-01-06,150.91
498,2009-01-07,152.81
499,2009-01-08,144.66
500,2009-01-09,144.82
501,2009-01-10,143.71
502,2009-01-12,143.25
503,2009-01-13,145.61
504,2009-01-14,146.04
505,2009-01-15,140.0
506,2009-01-16,142.26
507,2009-01-17,142.09
508,2009-01-19,142.3
509,2009-01-20,138.26
510,2009-01-21,138.11
511,2009-02-02,138.88
512,2009-02-03,143.99
513,2009-02-04,144.89
514,2009-02-05,143.97
515,2009-02-06,147.48
516,2009-02-09,147.77
517,2009-02-10,149.75
518,2009-02-11,151.75
519,2009-02-12,146.97
520,2009-02-13,151.9
521,2009-02-16,152.85
522,2009-02-17,149.2
523,2009-02-18,148.62
524,2009-02-19,150.6
525,2009-02-20,147.92
526,2009-02-23,149.7
527,2009-02-24,148.74
528,2009-02-25,150.51
529,2009-02-26,151.2
530,2009-02-27,153.87
531,2009-03-02,148.92
532,2009-03-03,149.71
533,2009-03-04,153.47
534,2009-03-05,155.43
535,2009-03-06,156.09
536,2009-03-09,155.9
537,2009-03-10,158.36
538,2009-03-11,158.83
539,2009-03-12,159.35
540,2009-03-13,162.85
541,2009-03-16,165.03
542,2009-03-17,166.44
543,2009-03-18,165.96
544,2009-03-19,165.46
545,2009-03-20,162.95
546,2009-03-23,167.68
547,2009-03-24,169.46
548,2009-03-25,173.16
549,2009-03-26,174.37
550,2009-03-27,174.53
551,2009-03-30,166.83
552,2009-03-31,167.25
553,2009-04-01,172.2
554,2009-04-02,174.86
555,2009-04-03,175.56
556,2009-04-06,175.57
557,2009-04-07,176.99
558,2009-04-08,173.12
559,2009-04-09,179.06
560,2009-04-10,180.37
561,2009-04-13,182.45
562,2009-04-14,183.33
563,2009-04-15,183.15
564,2009-04-16,184.9
565,2009-04-17,173.7
566,2009-04-20,173.34
567,2009-04-21,177.97
568,2009-04-22,178.86
569,2009-04-23,177.89
570,2009-04-24,178.39
571,2009-04-27,171.42
572,2009-04-28,166.68
573,2009-04-29,165.05
574,2009-04-30,175.6
575,2009-05-04,182.32
576,2009-05-05,181.11
577,2009-05-06,185.91
578,2009-05-07,186.44
579,2009-05-08,186.5
580,2009-05-11,187.59
581,2009-05-12,180.79
582,2009-05-13,183.17
583,2009-05-14,180.86
584,2009-05-15,184.15
585,2009-05-18,185.95
586,2009-05-19,185.41
587,2009-05-20,186.68
588,2009-05-21,188.2
589,2009-05-22,189.97
590,2009-05-25,189.49
591,2009-05-26,182.63
592,2009-05-27,187.44
593,2009-06-01,186.89
594,2009-06-02,183.36
595,2009-06-03,180.5
596,2009-06-04,180.13
597,2009-06-05,180.17
598,2009-06-06,183.33
599,2009-06-08,176.09
600,2009-06-09,168.18
601,2009-06-10,167.36
602,2009-06-11,172.22
603,2009-06-12,170.16
604,2009-06-15,162.37
605,2009-06-16,162.44
606,2009-06-17,162.25
607,2009-06-18,161.62
608,2009-06-19,165.2
609,2009-06-22,168.59
610,2009-06-23,166.02
611,2009-06-24,169.66
612,2009-06-25,172.47
613,2009-06-26,172.81
614,2009-06-29,169.99
615,2009-06-30,170.24
616,2009-07-01,174.79
617,2009-07-02,177.19
618,2009-07-03,177.99
619,2009-07-06,178.48
620,2009-07-07,180.48
621,2009-07-08,179.26
622,2009-07-09,180.51
623,2009-07-10,179.8
624,2009-07-13,172.19
625,2009-07-14,176.58
626,2009-07-15,179.54
627,2009-07-16,179.37
628,2009-07-17,182.51
629,2009-07-20,184.73
630,2009-07-21,183.65
631,2009-07-22,184.26
632,2009-07-23,183.14
633,2009-07-24,182.21
634,2009-07-27,183.04
635,2009-07-28,185.92
636,2009-07-29,184.31
637,2009-07-30,182.42
638,2009-07-31,182.5
639,2009-08-03,181.66
640,2009-08-04,177.06
641,2009-08-05,173.34
642,2009-08-06,173.93
643,2009-08-10,174.22
644,2009-08-11,176.13
645,2009-08-12,175.83
646,2009-08-13,178.64
647,2009-08-14,177.99
648,2009-08-17,174.28
649,2009-08-18,169.19
650,2009-08-19,169.76
651,2009-08-20,166.91
652,2009-08-21,164.4
653,2009-08-24,169.09
654,2009-08-25,168.19
655,2009-08-26,165.13
656,2009-08-27,164.79
657,2009-08-28,167.29
658,2009-08-31,168.84
659,2009-09-01,174.27
660,2009-09-02,175.74
661,2009-09-03,177.1
662,2009-09-04,177.4
663,2009-09-07,178.68
664,2009-09-08,179.12
665,2009-09-09,176.85
666,2009-09-10,175.54
667,2009-09-11,177.03
668,2009-09-14,175.64
669,2009-09-15,177.91
670,2009-09-16,179.94
671,2009-09-17,179.72
672,2009-09-18,182.27
673,2009-09-21,182.83
674,2009-09-22,181.53
675,2009-09-23,177.56
676,2009-09-24,177.56
677,2009-09-25,178.28
678,2009-09-28,175.4
679,2009-09-29,177.32
680,2009-09-30,180.06
681,2009-10-01,179.69
682,2009-10-02,177.67
683,2009-10-05,179.52
684,2009-10-06,180.78
685,2009-10-07,181.5
686,2009-10-08,178.2
687,2009-10-09,179.5
688,2009-10-12,180.71
689,2009-10-13,180.89
690,2009-10-14,182.66
691,2009-10-15,181.0
692,2009-10-16,181.83
693,2009-10-19,183.14
694,2009-10-20,182.57
695,2009-10-21,181.7
696,2009-10-22,178.78
697,2009-10-23,179.58
698,2009-10-26,178.29
699,2009-10-27,178.08
700,2009-10-28,174.82
701,2009-10-29,170.1
702,2009-10-30,169.29
703,2009-11-02,169.54
704,2009-11-03,170.26
705,2009-11-04,174.5
706,2009-11-05,173.0
707,2009-11-06,173.13
708,2009-11-09,173.82
709,2009-11-10,174.96
710,2009-11-11,176.33
711,2009-11-12,176.21
712,2009-11-13,176.58
713,2009-11-16,179.25
714,2009-11-17,177.12
715,2009-11-18,179.18
716,2009-11-19,180.07
717,2009-11-20,179.13
718,2009-11-23,179.25
719,2009-11-24,179.31
720,2009-11-25,179.45
721,2009-11-26,179.15
722,2009-11-27,173.61
723,2009-11-30,176.6
724,2009-12-01,178.02
725,2009-12-02,178.79
726,2009-12-03,178.31
727,2009-12-04,177.97
728,2009-12-07,181.3
729,2009-12-08,180.86
730,2009-12-09,182.46
731,2009-12-10,178.61
732,2009-12-11,181.68
733,2009-12-14,182.17
734,2009-12-15,181.62
735,2009-12-16,181.04
736,2009-12-17,178.36
737,2009-12-18,178.65
738,2009-12-21,179.32
739,2009-12-22,180.68
740,2009-12-23,181.57
741,2009-12-24,181.97
742,2009-12-25,182.52
743,2009-12-28,183.92
744,2009-12-29,184.43
745,2009-12-30,185.95
746,2009-12-31,187.1
747,2010-01-04,186.49
748,2010-01-05,183.68
749,2010-01-06,184.49
750,2010-01-07,180.74
751,2010-01-08,181.9
752,2010-01-11,182.39
753,2010-01-12,182.81
754,2010-01-13,181.31
755,2010-01-14,183.35
756,2010-01-15,184.21
757,2010-01-18,184.4
758,2010-01-19,181.46
759,2010-01-20,180.42
760,2010-01-21,177.2
761,2010-01-22,173.82
762,2010-01-25,171.89
763,2010-01-26,163.82
764,2010-01-27,161.49
765,2010-01-28,166.99
766,2010-01-29,165.27
767,2010-02-01,163.44
768,2010-02-02,160.27
769,2010-02-03,163.37
770,2010-02-04,164.19
771,2010-02-05,156.24
772,2010-02-06,154.07
773,2010-02-08,156.18
774,2010-02-09,161.26
775,2010-02-10,164.02
776,2010-02-22,165.65
777,2010-02-23,166.65
778,2010-02-24,165.99
779,2010-02-25,163.86
780,2010-02-26,163.82
781,2010-03-01,167.71
782,2010-03-02,168.22
783,2010-03-03,168.86
784,2010-03-04,168.09
785,2010-03-05,169.99
786,2010-03-08,171.98
787,2010-03-09,172.07
788,2010-03-10,171.97
789,2010-03-11,171.5
790,2010-03-12,171.5
791,2010-03-15,168.95
792,2010-03-16,170.37
793,2010-03-17,173.44
794,2010-03-18,175.14
795,2010-03-19,176.32
796,2010-03-22,176.29
797,2010-03-23,175.29
798,2010-03-24,175.08
799,2010-03-25,175.33
800,2010-03-26,175.89
801,2010-03-29,177.35
802,2010-03-30,176.87
803,2010-03-31,176.71
804,2010-04-01,178.13
805,2010-04-02,178.98
806,2010-04-06,179.22
807,2010-04-07,179.98
808,2010-04-08,177.8
809,2010-04-09,178.37
810,2010-04-12,178.66
811,2010-04-13,176.12
812,2010-04-14,178.2
813,2010-04-15,179.12
814,2010-04-16,178.19
815,2010-04-19,170.36
816,2010-04-20,172.25
817,2010-04-21,175.14
818,2010-04-22,175.37
819,2010-04-23,176.05
820,2010-04-26,177.31
821,2010-04-27,176.55
822,2010-04-28,175.53
823,2010-04-29,175.67
824,2010-04-30,172.24
825,2010-05-03,170.79
826,2010-05-04,170.48
827,2010-05-05,164.98
828,2010-05-06,161.96
829,2010-05-07,162.22
830,2010-05-10,165.2
831,2010-05-11,164.08
832,2010-05-12,163.97
833,2010-05-13,167.54
834,2010-05-14,168.27
835,2010-05-17,163.86
836,2010-05-18,162.76
837,2010-05-19,163.31
838,2010-05-20,159.92
839,2010-05-21,153.98
840,2010-05-24,156.48
841,2010-05-25,150.46
842,2010-05-26,153.07
843,2010-05-27,157.42
844,2010-05-28,159.18
845,2010-05-31,160.56
846,2010-06-01,159.84
847,2010-06-02,157.66
848,2010-06-03,161.28
849,2010-06-04,161.42
850,2010-06-07,157.42
851,2010-06-08,158.19
852,2010-06-09,154.96
853,2010-06-10,157.39
854,2010-06-11,159.68
855,2010-06-14,161.29
856,2010-06-15,162.17
857,2010-06-17,163.22
858,2010-06-18,162.93
859,2010-06-21,165.83
860,2010-06-22,166.01
861,2010-06-23,165.7
862,2010-06-24,166.29
863,2010-06-25,163.31
864,2010-06-28,162.71
865,2010-06-29,160.84
866,2010-06-30,159.06
867,2010-07-01,158.32
868,2010-07-02,159.87
869,2010-07-05,162.58
870,2010-07-06,165.27
871,2010-07-07,165.13
872,2010-07-08,166.9
873,2010-07-09,167.36
874,2010-07-12,167.65
875,2010-07-13,166.64
876,2010-07-14,168.48
877,2010-07-15,168.69
878,2010-07-16,166.96
879,2010-07-19,166.34
880,2010-07-20,167.84
881,2010-07-21,167.77
882,2010-07-22,167.65
883,2010-07-23,169.18
884,2010-07-26,169.25
885,2010-07-27,168.59
886,2010-07-28,168.93
887,2010-07-29,168.43
888,2010-07-30,167.56
889,2010-08-02,170.3
890,2010-08-03,170.93
891,2010-08-04,171.06
892,2010-08-05,168.92
893,2010-08-06,169.88
894,2010-08-09,171.09
895,2010-08-10,169.32
896,2010-08-11,167.63
897,2010-08-12,167.53
898,2010-08-13,170.02
899,2010-08-16,171.02
900,2010-08-17,170.97
901,2010-08-18,170.73
902,2010-08-19,170.66
903,2010-08-20,170.4
904,2010-08-23,170.82
905,2010-08-24,170.37
906,2010-08-25,164.95
907,2010-08-26,162.55
908,2010-08-27,163.25
909,2010-08-30,162.45
910,2010-08-31,157.76
911,2010-09-01,160.37
912,2010-09-02,161.34
913,2010-09-03,165.1
914,2010-09-06,167.18
915,2010-09-07,166.35
916,2010-09-08,165.71
917,2010-09-09,164.88
918,2010-09-10,165.41
919,2010-09-13,168.09
920,2010-09-14,169.39
921,2010-09-15,170.06
922,2010-09-16,168.29
923,2010-09-17,169.63
924,2010-09-20,169.88
925,2010-09-21,170.25
926,2010-09-23,170.73
927,2010-09-24,169.42
928,2010-09-27,168.39
929,2010-09-28,168.25
930,2010-09-29,169.34
931,2010-09-30,169.32
932,2010-10-01,169.69
933,2010-10-04,167.65
934,2010-10-05,167.07
935,2010-10-06,168.35
936,2010-10-07,168.32
937,2010-10-08,167.0
938,2010-10-11,165.53
939,2010-10-12,164.57
940,2010-10-13,165.0
941,2010-10-14,166.17
942,2010-10-15,164.56
943,2010-10-18,161.54
944,2010-10-19,161.71
945,2010-10-20,164.36
946,2010-10-21,164.07
947,2010-10-22,164.64
948,2010-10-25,166.64
949,2010-10-26,167.14
950,2010-10-27,165.88
951,2010-10-28,166.97
952,2010-10-29,165.45
953,2010-11-01,165.51
954,2010-11-02,163.69
955,2010-11-03,160.53
956,2010-11-04,162.46
957,2010-11-05,164.1
958,2010-11-08,162.61
959,2010-11-09,163.16
960,2010-11-10,163.17
961,2010-11-11,164.51
962,2010-11-12,162.58
963,2010-11-15,161.18
964,2010-11-16,161.97
965,2010-11-17,161.67
966,2010-11-18,162.14
967,2010-11-19,162.25
968,2010-11-22,163.61
969,2010-11-23,163.23
970,2010-11-24,162.4
971,2010-11-25,163.86
972,2010-11-26,163.14
973,2010-11-29,165.15
974,2010-11-30,166.14
975,2010-12-01,168.08
976,2010-12-02,168.49
977,2010-12-03,169.2
978,2010-12-06,170.2
979,2010-12-07,170.56
980,2010-12-08,170.65
981,2010-12-09,171.52
982,2010-12-10,171.09
983,2010-12-13,172.35
984,2010-12-14,171.62
985,2010-12-15,170.42
986,2010-12-16,170.88
987,2010-12-17,170.77
988,2010-12-20,170.15
989,2010-12-21,171.45
990,2010-12-22,172.76
991,2010-12-23,173.22
992,2010-12-24,172.23
993,2010-12-27,171.89
994,2010-12-28,170.76
995,2010-12-29,169.07
996,2010-12-30,169.91
997,2010-12-31,171.02
998,2011-01-03,171.36
999,2011-01-04,171.58
1000,2011-01-05,169.18
1001,2011-01-06,170.08
1002,2011-01-07,167.8
1003,2011-01-10,167.87
1004,2011-01-11,169.92
1005,2011-01-12,170.81
1006,2011-01-13,170.49
1007,2011-01-14,170.24
1008,2011-01-17,169.38
1009,2011-01-18,169.94
1010,2011-01-19,171.34
1011,2011-01-20,170.42
1012,2011-01-21,169.81
1013,2011-01-24,169.05
1014,2011-01-25,169.44
1015,2011-01-26,170.51
1016,2011-01-27,171.0
1017,2011-01-28,170.52
1018,2011-02-08,169.37
1019,2011-02-09,167.71
1020,2011-02-10,166.3
1021,2011-02-11,161.58
1022,2011-02-14,163.43
1023,2011-02-15,164.73
1024,2011-02-16,164.95
1025,2011-02-17,164.37
1026,2011-02-18,166.68
1027,2011-02-21,166.83
1028,2011-02-22,163.71
1029,2011-02-23,160.3
1030,2011-02-24,161.07
1031,2011-02-25,162.71
1032,2011-03-01,165.15
1033,2011-03-02,164.64
1034,2011-03-03,166.61
1035,2011-03-04,165.82
1036,2011-03-07,165.54
1037,2011-03-08,165.99
1038,2011-03-09,166.5
1039,2011-03-10,165.04
1040,2011-03-11,163.9
1041,2011-03-14,160.19
1042,2011-03-15,153.05
1043,2011-03-16,155.94
1044,2011-03-17,155.23
1045,2011-03-18,158.43
1046,2011-03-21,160.15
1047,2011-03-22,161.8
1048,2011-03-23,162.41
1049,2011-03-24,163.1
1050,2011-03-25,162.39
1051,2011-03-28,160.91
1052,2011-03-29,161.04
1053,2011-03-30,161.82
1054,2011-03-31,162.57
1055,2011-04-01,163.0
1056,2011-04-06,164.61
1057,2011-04-07,166.28
1058,2011-04-08,166.08
1059,2011-04-11,165.6
1060,2011-04-12,162.69
1061,2011-04-13,163.45
1062,2011-04-14,164.33
1063,2011-04-15,162.74
1064,2011-04-18,161.53
1065,2011-04-19,160.32
1066,2011-04-20,162.64
1067,2011-04-21,164.25
1068,2011-04-22,164.92
1069,2011-04-25,164.49
1070,2011-04-26,164.81
1071,2011-04-27,165.48
1072,2011-04-28,164.28
1073,2011-04-29,162.39
1074,2011-05-03,160.44
1075,2011-05-04,162.51
1076,2011-05-05,163.56
1077,2011-05-06,163.24
1078,2011-05-09,163.74
1079,2011-05-10,163.19
1080,2011-05-11,162.45
1081,2011-05-12,162.98
1082,2011-05-13,163.47
1083,2011-05-16,161.8
1084,2011-05-17,160.73
1085,2011-05-18,161.93
1086,2011-05-19,160.68
1087,2011-05-20,159.15
1088,2011-05-23,157.43
1089,2011-05-24,157.68
1090,2011-05-25,157.66
1091,2011-05-26,159.37
1092,2011-05-27,160.01
1093,2011-05-30,160.81
1094,2011-05-31,163.75
1095,2011-06-01,164.69
1096,2011-06-02,163.47
1097,2011-06-03,164.11
1098,2011-06-07,164.41
1099,2011-06-08,163.74
1100,2011-06-09,163.35
1101,2011-06-10,160.7
1102,2011-06-13,158.37
1103,2011-06-14,160.26
1104,2011-06-15,159.87
1105,2011-06-16,156.73
1106,2011-06-17,156.07
1107,2011-06-20,152.21
1108,2011-06-21,153.36
1109,2011-06-22,155.49
1110,2011-06-23,154.85
1111,2011-06-24,155.18
1112,2011-06-27,155.43
1113,2011-06-28,155.35
1114,2011-06-29,156.9
1115,2011-06-30,157.59
1116,2011-07-01,159.26
1117,2011-07-04,159.51
1118,2011-07-05,159.29
1119,2011-07-06,160.17
1120,2011-07-07,160.1
1121,2011-07-08,158.83
1122,2011-07-11,156.57
1123,2011-07-12,152.47
1124,2011-07-13,151.88
1125,2011-07-14,151.84
1126,2011-07-15,154.83
1127,2011-07-18,153.85
1128,2011-07-19,154.71
1129,2011-07-20,157.41
1130,2011-07-21,157.96
1131,2011-07-22,159.21
1132,2011-07-25,156.81
1133,2011-07-26,158.84
1134,2011-07-27,160.49
1135,2011-07-28,159.01
1136,2011-07-29,155.99
1137,2011-08-01,157.81
1138,2011-08-02,156.97
1139,2011-08-03,154.77
1140,2011-08-04,151.66
1141,2011-08-05,143.32
1142,2011-08-08,138.96
1143,2011-08-09,140.71
1144,2011-08-10,147.27
1145,2011-08-11,147.2
1146,2011-08-12,147.15
1147,2011-08-15,150.48
1148,2011-08-16,150.93
1149,2011-08-17,149.12
1150,2011-08-18,146.29
1151,2011-08-19,139.66
1152,2011-08-22,138.63
1153,2011-08-23,144.11
1154,2011-08-24,143.77
1155,2011-08-25,141.02
1156,2011-08-26,141.69
1157,2011-08-29,144.41
1158,2011-08-30,146.76
1159,2011-08-31,148.57
1160,2011-09-01,148.86
1161,2011-09-02,149.63
1162,2011-09-05,146.46
1163,2011-09-06,142.75
1164,2011-09-07,145.96
1165,2011-09-08,146.52
1166,2011-09-09,147.6
1167,2011-09-13,143.74
1168,2011-09-14,140.21
1169,2011-09-15,143.83
1170,2011-09-16,148.2
1171,2011-09-19,146.01
1172,2011-09-20,147.8
1173,2011-09-21,149.03
1174,2011-09-22,145.75
1175,2011-09-23,140.25
1176,2011-09-26,135.16
1177,2011-09-27,139.1
1178,2011-09-28,140.81
1179,2011-09-29,142.42
1180,2011-09-30,143.6
1181,2011-10-03,140.18
1182,2011-10-04,141.24
1183,2011-10-05,140.22
1184,2011-10-06,142.25
1185,2011-10-07,142.95
1186,2011-10-11,147.2
1187,2011-10-12,147.95
1188,2011-10-13,149.45
1189,2011-10-14,148.84
1190,2011-10-17,150.56
1191,2011-10-18,148.6
1192,2011-10-19,147.84
1193,2011-10-20,146.17
1194,2011-10-21,146.43
1195,2011-10-24,150.19
1196,2011-10-25,150.4
1197,2011-10-26,151.4
1198,2011-10-27,151.99
1199,2011-10-28,151.37
1200,2011-10-31,150.32
1201,2011-11-01,151.5
1202,2011-11-02,151.48
1203,2011-11-03,148.41
1204,2011-11-04,151.78
1205,2011-11-07,152.91
1206,2011-11-08,152.41
1207,2011-11-09,151.29
1208,2011-11-10,145.36
1209,2011-11-11,146.36
1210,2011-11-14,149.8
1211,2011-11-15,148.57
1212,2011-11-16,146.64
1213,2011-11-17,147.27
1214,2011-11-18,144.57
1215,2011-11-21,139.31
1216,2011-11-22,137.29
1217,2011-11-23,133.81
1218,2011-11-24,135.55
1219,2011-11-25,134.9
1220,2011-11-28,137.63
1221,2011-11-29,140.74
1222,2011-11-30,137.75
1223,2011-12-01,144.14
1224,2011-12-02,143.57
1225,2011-12-05,142.11
1226,2011-12-06,138.72
1227,2011-12-07,139.05
1228,2011-12-08,137.25
1229,2011-12-09,136.6
1230,2011-12-12,137.18
1231,2011-12-13,136.68
1232,2011-12-14,138.66
1233,2011-12-15,135.68
1234,2011-12-16,136.02
1235,2011-12-19,131.84
1236,2011-12-20,134.01
1237,2011-12-21,142.06
1238,2011-12-22,142.01
1239,2011-12-23,146.72
1240,2011-12-26,146.87
1241,2011-12-27,146.18
1242,2011-12-28,145.34
1243,2011-12-29,146.0
1244,2011-12-30,145.62
1245,2012-01-02,142.65
1246,2012-01-03,145.16
1247,2012-01-04,145.93
1248,2012-01-05,147.27
1249,2012-01-06,147.39
1250,2012-01-09,145.96
1251,2012-01-10,147.34
1252,2012-01-11,148.06
1253,2012-01-12,147.1
1254,2012-01-13,145.84
1255,2012-01-16,146.11
1256,2012-01-17,150.47
1257,2012-01-18,150.54
1258,2012-01-30,155.68
1259,2012-01-31,159.08
1260,2012-02-01,162.53
1261,2012-02-02,165.49
1262,2012-02-03,166.71
1263,2012-02-04,167.52
1264,2012-02-06,165.21
1265,2012-02-07,165.31
1266,2012-02-08,169.63
1267,2012-02-09,170.83
1268,2012-02-10,170.05
1269,2012-02-13,171.49
1270,2012-02-14,170.43
1271,2012-02-15,173.1
1272,2012-02-16,167.54
1273,2012-02-17,167.31
1274,2012-02-20,169.67
1275,2012-02-21,169.32
1276,2012-02-22,171.78
1277,2012-02-23,170.26
1278,2012-02-24,169.51
1279,2012-02-29,171.24
1280,2012-03-01,172.3
1281,2012-03-02,173.64
1282,2012-03-03,173.45
1283,2012-03-05,169.95
1284,2012-03-06,166.81
1285,2012-03-07,166.47
1286,2012-03-08,168.19
1287,2012-03-09,169.8
1288,2012-03-12,167.34
1289,2012-03-13,167.86
1290,2012-03-14,169.6
1291,2012-03-15,169.73
1292,2012-03-16,169.68
1293,2012-03-19,168.42
1294,2012-03-20,166.79
1295,2012-03-21,166.1
1296,2012-03-22,167.55
1297,2012-03-23,168.2
1298,2012-03-26,167.11
1299,2012-03-27,166.4
1300,2012-03-28,166.23
1301,2012-03-29,159.66
1302,2012-03-30,161.64
1303,2012-04-02,159.7
1304,2012-04-03,155.01
1305,2012-04-05,153.24
1306,2012-04-06,157.51
1307,2012-04-09,155.0
1308,2012-04-10,156.15
1309,2012-04-11,156.99
1310,2012-04-12,157.83
1311,2012-04-13,160.93
1312,2012-04-16,159.17
1313,2012-04-17,154.86
1314,2012-04-18,154.33
1315,2012-04-19,154.26
1316,2012-04-20,151.33
1317,2012-04-23,149.58
1318,2012-04-24,150.18
1319,2012-04-25,152.57
1320,2012-04-26,151.09
1321,2012-04-27,148.69
1322,2012-04-30,149.93
1323,2012-05-02,156.14
1324,2012-05-03,155.5
1325,2012-05-04,157.43
1326,2012-05-07,154.88
1327,2012-05-08,155.01
1328,2012-05-09,153.87
1329,2012-05-10,153.05
1330,2012-05-11,150.76
1331,2012-05-14,149.78
1332,2012-05-15,151.17
1333,2012-05-16,147.84
1334,2012-05-17,150.93
1335,2012-05-18,146.0
1336,2012-05-21,147.04
1337,2012-05-22,150.14
1338,2012-05-23,147.88
1339,2012-05-24,146.77
1340,2012-05-25,145.23
1341,2012-05-28,147.09
1342,2012-05-29,153.41
1343,2012-05-30,152.31
1344,2012-05-31,153.25
1345,2012-06-01,148.73
1346,2012-06-04,142.49
1347,2012-06-05,145.78
1348,2012-06-06,148.22
1349,2012-06-07,147.86
1350,2012-06-08,146.88
1351,2012-06-11,149.21
1352,2012-06-12,148.57
1353,2012-06-13,149.53
1354,2012-06-14,149.64
1355,2012-06-15,151.98
1356,2012-06-18,154.59
1357,2012-06-19,154.06
1358,2012-06-20,158.03
1359,2012-06-21,154.78
1360,2012-06-22,154.77
1361,2012-06-25,153.88
1362,2012-06-26,152.23
1363,2012-06-27,153.12
1364,2012-06-28,152.58
1365,2012-06-29,154.97
1366,2012-07-02,155.88
1367,2012-07-03,157.27
1368,2012-07-04,158.49
1369,2012-07-05,157.27
1370,2012-07-06,155.98
1371,2012-07-09,154.94
1372,2012-07-10,153.13
1373,2012-07-11,153.9
1374,2012-07-12,151.52
1375,2012-07-13,149.95
1376,2012-07-16,148.3
1377,2012-07-17,149.71
1378,2012-07-18,148.34
1379,2012-07-19,150.3
1380,2012-07-20,150.67
1381,2012-07-23,147.58
1382,2012-07-24,147.25
1383,2012-07-25,146.77
1384,2012-07-26,147.02
1385,2012-07-27,149.78
1386,2012-07-30,150.13
1387,2012-07-31,151.35
1388,2012-08-01,152.38
1389,2012-08-03,151.26
1390,2012-08-06,151.01
1391,2012-08-07,150.31
1392,2012-08-08,151.35
1393,2012-08-09,154.19
1394,2012-08-10,154.89
1395,2012-08-13,155.08
1396,2012-08-14,156.03
1397,2012-08-15,155.55
1398,2012-08-16,157.3
1399,2012-08-17,157.31
1400,2012-08-20,155.96
1401,2012-08-21,156.93
1402,2012-08-22,157.72
1403,2012-08-23,158.12
1404,2012-08-24,158.98
1405,2012-08-27,158.46
1406,2012-08-28,155.09
1407,2012-08-29,156.2
1408,2012-08-30,156.21
1409,2012-08-31,156.61
1410,2012-09-03,158.51
1411,2012-09-04,158.79
1412,2012-09-05,158.12
1413,2012-09-06,157.23
1414,2012-09-07,158.73
1415,2012-09-10,159.95
1416,2012-09-11,159.72
1417,2012-09-12,162.03
1418,2012-09-13,161.64
1419,2012-09-14,163.94
1420,2012-09-17,164.99
1421,2012-09-18,165.14
1422,2012-09-19,165.59
1423,2012-09-20,164.41
1424,2012-09-21,165.29
1425,2012-09-24,165.65
1426,2012-09-25,164.33
1427,2012-09-26,161.96
1428,2012-09-27,162.15
1429,2012-09-28,161.55
1430,2012-10-01,161.56
1431,2012-10-02,162.81
1432,2012-10-03,162.41
1433,2012-10-04,161.68
1434,2012-10-05,161.99
1435,2012-10-08,159.55
1436,2012-10-09,157.39
1437,2012-10-11,154.89
1438,2012-10-12,154.78
1439,2012-10-15,154.0
1440,2012-10-16,155.57
1441,2012-10-17,156.45
1442,2012-10-18,155.89
1443,2012-10-19,155.06
1444,2012-10-22,154.89
1445,2012-10-23,154.4
1446,2012-10-24,154.36
1447,2012-10-25,151.52
1448,2012-10-26,146.63
1449,2012-10-29,143.69
1450,2012-10-30,146.37
1451,2012-10-31,146.77
1452,2012-11-01,148.69
1453,2012-11-02,148.97
1454,2012-11-05,147.81
1455,2012-11-06,149.74
1456,2012-11-07,151.81
1457,2012-11-08,151.54
1458,2012-11-09,154.51
1459,2012-11-12,154.07
1460,2012-11-13,150.43
1461,2012-11-14,151.74
1462,2012-11-15,151.82
1463,2012-11-16,152.08
1464,2012-11-19,150.55
1465,2012-11-20,150.2
1466,2012-11-21,149.41
1467,2012-11-22,149.86
1468,2012-11-23,154.25
1469,2012-11-26,156.97
1470,2012-11-27,157.03
1471,2012-11-28,158.01
1472,2012-11-29,158.82
1473,2012-11-30,160.15
1474,2012-12-03,161.23
1475,2012-12-04,163.51
1476,2012-12-05,164.78
1477,2012-12-06,163.44
1478,2012-12-07,163.1
1479,2012-12-10,162.45
1480,2012-12-11,161.14
1481,2012-12-12,163.61
1482,2012-12-13,165.53
1483,2012-12-14,163.97
1484,2012-12-17,162.15
1485,2012-12-18,163.04
1486,2012-12-19,163.66
1487,2012-12-20,162.89
1488,2012-12-21,161.73
1489,2012-12-22,163.07
1490,2012-12-24,162.52
1491,2012-12-25,164.9
1492,2012-12-26,164.67
1493,2012-12-27,165.23
1494,2012-12-28,165.78
1495,2013-01-02,167.29
1496,2013-01-03,167.97
1497,2013-01-04,167.1
1498,2013-01-07,166.48
1499,2013-01-08,165.41
1500,2013-01-09,166.28
1501,2013-01-10,166.38
1502,2013-01-11,166.89
1503,2013-01-14,167.79
1504,2013-01-15,166.38
1505,2013-01-16,165.24
1506,2013-01-17,161.0
1507,2013-01-18,163.88
1508,2013-01-21,164.51
1509,2013-01-22,165.5
1510,2013-01-23,165.2
1511,2013-01-24,164.67
1512,2013-01-25,164.34
1513,2013-01-28,164.75
1514,2013-01-29,167.28
1515,2013-01-30,167.77
1516,2013-01-31,167.69
1517,2013-02-01,167.6
1518,2013-02-04,167.75
1519,2013-02-05,166.37
1520,2013-02-06,166.19
1521,2013-02-18,167.7
1522,2013-02-19,169.58
1523,2013-02-20,170.38
1524,2013-02-21,169.17
1525,2013-02-22,169.06
1526,2013-02-23,169.82
1527,2013-02-25,170.01
1528,2013-02-26,168.43
1529,2013-02-27,168.84
1530,2013-03-01,170.28
1531,2013-03-04,168.47
1532,2013-03-05,169.48
1533,2013-03-06,169.04
1534,2013-03-07,170.08
1535,2013-03-08,170.18
1536,2013-03-11,170.69
1537,2013-03-12,169.48
1538,2013-03-13,168.93
1539,2013-03-14,168.13
1540,2013-03-15,167.38
1541,2013-03-18,165.02
1542,2013-03-19,167.03
1543,2013-03-20,166.78
1544,2013-03-21,166.84
1545,2013-03-22,166.92
1546,2013-03-25,168.24
1547,2013-03-26,168.84
1548,2013-03-27,169.25
1549,2013-03-28,168.58
1550,2013-03-29,169.56
1551,2013-04-01,168.38
1552,2013-04-02,168.83
1553,2013-04-03,169.96
1554,2013-04-08,165.06
1555,2013-04-09,164.45
1556,2013-04-10,165.3
1557,2013-04-11,166.97
1558,2013-04-12,166.09
1559,2013-04-15,164.19
1560,2013-04-16,165.13
1561,2013-04-17,166.14
1562,2013-04-18,166.49
1563,2013-04-19,168.01
1564,2013-04-22,167.83
1565,2013-04-23,167.22
1566,2013-04-24,169.09
1567,2013-04-25,168.46
1568,2013-04-26,167.84
1569,2013-04-29,168.59
1570,2013-04-30,170.18
1571,2013-05-02,170.5
1572,2013-05-03,169.86
1573,2013-05-06,170.64
1574,2013-05-07,170.15
1575,2013-05-08,171.13
1576,2013-05-09,171.81
1577,2013-05-10,171.32
1578,2013-05-13,170.33
1579,2013-05-14,170.01
1580,2013-05-15,171.42
1581,2013-05-16,172.74
1582,2013-05-17,172.52
1583,2013-05-20,173.12
1584,2013-05-21,173.79
1585,2013-05-22,174.53
1586,2013-05-23,171.84
1587,2013-05-24,170.93
1588,2013-05-27,172.28
1589,2013-05-28,172.74
1590,2013-05-29,173.91
1591,2013-05-30,173.01
1592,2013-05-31,173.21
1593,2013-06-03,173.47
1594,2013-06-04,172.61
1595,2013-06-05,172.08
1596,2013-06-06,170.91
1597,2013-06-07,168.31
1598,2013-06-10,169.83
1599,2013-06-11,169.04
1600,2013-06-13,165.53
1601,2013-06-14,163.98
1602,2013-06-17,165.87
1603,2013-06-18,166.81
1604,2013-06-19,166.85
1605,2013-06-20,164.37
1606,2013-06-21,162.45
1607,2013-06-24,161.33
1608,2013-06-25,158.44
1609,2013-06-26,161.3
1610,2013-06-27,162.86
1611,2013-06-28,163.54
1612,2013-07-01,165.64
1613,2013-07-02,164.51
1614,2013-07-03,162.47
1615,2013-07-04,160.87
1616,2013-07-05,162.63
1617,2013-07-08,160.73
1618,2013-07-09,161.9
1619,2013-07-10,162.38
1620,2013-07-11,164.46
1621,2013-07-12,165.31
1622,2013-07-15,166.79
1623,2013-07-16,167.2
1624,2013-07-17,166.51
1625,2013-07-18,164.5
1626,2013-07-19,162.46
1627,2013-07-22,163.77
1628,2013-07-23,165.92
1629,2013-07-24,166.03
1630,2013-07-25,166.12
1631,2013-07-26,165.84
1632,2013-07-29,164.52
1633,2013-07-30,165.61
1634,2013-07-31,163.39
1635,2013-08-01,163.39
1636,2013-08-02,163.73
1637,2013-08-05,165.8
1638,2013-08-06,164.91
1639,2013-08-07,162.3
1640,2013-08-08,163.1
1641,2013-08-09,163.0
1642,2013-08-12,163.3
1643,2013-08-13,164.95
1644,2013-08-14,164.65
1645,2013-08-15,164.3
1646,2013-08-16,164.85
1647,2013-08-19,165.16
1648,2013-08-20,162.57
1649,2013-08-22,163.28
1650,2013-08-23,164.59
1651,2013-08-26,165.46
1652,2013-08-27,162.6
1653,2013-08-28,162.02
1654,2013-08-29,163.77
1655,2013-08-30,165.63
1656,2013-09-02,166.23
1657,2013-09-03,167.56
1658,2013-09-04,167.21
1659,2013-09-05,168.77
1660,2013-09-06,169.14
1661,2013-09-09,167.6
1662,2013-09-10,166.72
1663,2013-09-11,166.94
1664,2013-09-12,167.75
1665,2013-09-13,166.15
1666,2013-09-14,165.96
1667,2013-09-16,167.31
1668,2013-09-17,167.02
1669,2013-09-18,167.54
1670,2013-09-23,169.37
1671,2013-09-24,169.98
1672,2013-09-25,170.22
1673,2013-09-26,168.18
1674,2013-09-27,168.33
1675,2013-09-30,168.38
1676,2013-10-01,169.02
1677,2013-10-02,169.61
1678,2013-10-03,171.07
1679,2013-10-04,171.72
1680,2013-10-07,170.51
1681,2013-10-08,170.9
1682,2013-10-09,169.39
1683,2013-10-11,168.87
1684,2013-10-14,165.96
1685,2013-10-15,168.62
1686,2013-10-16,167.88
1687,2013-10-17,169.11
1688,2013-10-18,171.17
1689,2013-10-21,170.72
1690,2013-10-22,170.88
1691,2013-10-23,169.81
1692,2013-10-24,171.27
1693,2013-10-25,170.56
1694,2013-10-28,170.41
1695,2013-10-29,170.76
1696,2013-10-30,171.35
1697,2013-10-31,170.68
1698,2013-11-01,169.42
1699,2013-11-04,168.94
1700,2013-11-05,166.99
1701,2013-11-06,166.96
1702,2013-11-07,167.19
1703,2013-11-08,165.77
1704,2013-11-11,164.98
1705,2013-11-12,163.46
1706,2013-11-13,162.59
1707,2013-11-14,164.29
1708,2013-11-15,165.09
1709,2013-11-18,164.32
1710,2013-11-19,166.11
1711,2013-11-20,165.79
1712,2013-11-21,164.21
1713,2013-11-22,164.02
1714,2013-11-25,165.63
1715,2013-11-26,167.49
1716,2013-11-27,168.47
1717,2013-11-28,169.6
1718,2013-11-29,170.52
1719,2013-12-02,171.26
1720,2013-12-03,171.64
1721,2013-12-04,171.43
1722,2013-12-05,170.53
1723,2013-12-06,171.16
1724,2013-12-09,170.66
1725,2013-12-10,170.55
1726,2013-12-11,169.09
1727,2013-12-12,168.86
1728,2013-12-13,169.58
1729,2013-12-16,168.75
1730,2013-12-17,169.81
1731,2013-12-18,170.62
1732,2013-12-19,170.99
1733,2013-12-20,171.35
1734,2013-12-23,171.81
1735,2013-12-24,172.66
1736,2013-12-25,173.01
1737,2013-12-26,173.54
1738,2013-12-27,174.56
1739,2013-12-30,175.94
1740,2013-12-31,175.88
1741,2014-01-02,176.66
1742,2014-01-03,176.51
1743,2014-01-06,174.69
1744,2014-01-07,176.0
1745,2014-01-08,176.9
1746,2014-01-09,175.51
1747,2014-01-10,176.02
1748,2014-01-13,175.49
1749,2014-01-14,175.05
1750,2014-01-15,176.24
1751,2014-01-16,175.68
1752,2014-01-17,175.73
1753,2014-01-20,176.6
1754,2014-01-21,176.2
1755,2014-01-22,176.14
1756,2014-01-23,175.53
1757,2014-01-24,174.59
1758,2014-01-27,171.86
1759,2014-02-05,171.2
1760,2014-02-06,173.09
1761,2014-02-07,174.13
1762,2014-02-10,173.9
1763,2014-02-11,174.78
1764,2014-02-12,176.06
1765,2014-02-13,175.34
1766,2014-02-14,174.71
1767,2014-02-17,174.94
1768,2014-02-18,176.08
1769,2014-02-19,176.62
1770,2014-02-20,176.19
1771,2014-02-21,177.73
1772,2014-02-24,177.85
1773,2014-02-25,178.41
1774,2014-02-26,179.45
1775,2014-02-27,179.7
1776,2014-03-03,179.3
1777,2014-03-04,178.49
1778,2014-03-05,179.98
1779,2014-03-06,181.33
1780,2014-03-07,178.68
1781,2014-03-10,178.62
1782,2014-03-11,179.64
1783,2014-03-12,179.61
1784,2014-03-13,180.43
1785,2014-03-14,179.66
1786,2014-03-17,180.7
1787,2014-03-18,180.95
1788,2014-03-19,179.01
1789,2014-03-20,177.14
1790,2014-03-21,176.64
1791,2014-03-24,175.71
1792,2014-03-25,178.48
1793,2014-03-26,179.45
1794,2014-03-27,179.46
1795,2014-03-28,177.45
1796,2014-03-31,179.71
1797,2014-04-01,180.19
1798,2014-04-02,181.45
1799,2014-04-03,181.66
1800,2014-04-07,182.0
1801,2014-04-08,181.27
1802,2014-04-09,182.78
1803,2014-04-10,181.37
1804,2014-04-11,179.2
1805,2014-04-14,175.87
1806,2014-04-15,177.48
1807,2014-04-16,178.53
1808,2014-04-17,178.81
1809,2014-04-18,178.32
1810,2014-04-21,178.74
1811,2014-04-22,179.41
1812,2014-04-23,178.28
1813,2014-04-24,176.76
1814,2014-04-25,171.26
1815,2014-04-28,171.9
1816,2014-04-29,174.32
1817,2014-04-30,171.6
1818,2014-05-02,174.06
1819,2014-05-05,175.49
1820,2014-05-06,176.29
1821,2014-05-07,175.79
1822,2014-05-08,175.91
1823,2014-05-09,174.01
1824,2014-05-12,172.21
1825,2014-05-13,170.89
1826,2014-05-14,171.67
1827,2014-05-15,172.29
1828,2014-05-16,172.65
1829,2014-05-19,173.84
1830,2014-05-20,173.77
1831,2014-05-21,173.23
1832,2014-05-22,175.69
1833,2014-05-23,176.83
1834,2014-05-26,177.67
1835,2014-05-27,177.74
1836,2014-05-28,178.56
1837,2014-05-29,178.76
1838,2014-05-30,179.04
1839,2014-06-03,178.64
1840,2014-06-04,179.05
1841,2014-06-05,180.03
1842,2014-06-06,179.8
1843,2014-06-09,180.39
1844,2014-06-10,180.6
1845,2014-06-11,181.47
1846,2014-06-12,181.16
1847,2014-06-13,181.31
1848,2014-06-16,181.35
1849,2014-06-17,181.74
1850,2014-06-18,180.32
1851,2014-06-19,181.72
1852,2014-06-20,181.19
1853,2014-06-23,177.5
1854,2014-06-24,178.22
1855,2014-06-25,178.92
1856,2014-06-26,180.31
1857,2014-06-27,179.76
1858,2014-06-30,181.68
1859,2014-07-01,182.27
1860,2014-07-02,181.08
1861,2014-07-03,182.9
1862,2014-07-04,182.42
1863,2014-07-07,181.36
1864,2014-07-08,181.55
1865,2014-07-09,180.51
1866,2014-07-10,180.97
1867,2014-07-11,176.92
1868,2014-07-14,178.5
1869,2014-07-15,179.47
1870,2014-07-16,178.22
1871,2014-07-17,177.48
1872,2014-07-18,177.48
1873,2014-07-21,177.87
1874,2014-07-22,178.91
1875,2014-07-24,179.4
1876,2014-07-25,177.7
1877,2014-07-28,175.08
1878,2014-07-29,171.99
1879,2014-07-30,173.11
1880,2014-07-31,172.56
1881,2014-08-01,171.86
1882,2014-08-04,172.71
1883,2014-08-05,170.71
1884,2014-08-06,168.04
1885,2014-08-07,166.64
1886,2014-08-08,165.85
1887,2014-08-11,168.93
1888,2014-08-12,168.02
1889,2014-08-13,169.36
1890,2014-08-14,168.23
1891,2014-08-15,167.55
1892,2014-08-18,165.0
1893,2014-08-19,167.07
1894,2014-08-20,166.09
1895,2014-08-21,165.04
1896,2014-08-22,167.76
1897,2014-08-25,169.38
1898,2014-08-26,170.29
1899,2014-08-27,171.65
1900,2014-08-28,171.23
1901,2014-08-29,171.73
1902,2014-09-01,172.75
1903,2014-09-02,170.73
1904,2014-09-03,170.3
1905,2014-09-04,170.11
1906,2014-09-05,170.17
1907,2014-09-09,170.41
1908,2014-09-10,170.28
1909,2014-09-11,169.5
1910,2014-09-12,167.52
1911,2014-09-15,166.94
1912,2014-09-16,165.53
1913,2014-09-17,167.02
1914,2014-09-18,168.35
1915,2014-09-19,169.39
1916,2014-09-22,168.01
1917,2014-09-23,167.29
1918,2014-09-24,167.27
1919,2014-09-25,164.56
1920,2014-09-26,164.0
1921,2014-09-29,164.82
1922,2014-09-30,165.11
1923,2014-10-01,165.63
1924,2014-10-02,166.28
1925,2014-10-03,168.41
1926,2014-10-06,168.67
1927,2014-10-07,166.65
1928,2014-10-08,164.28
1929,2014-10-09,162.67
1930,2014-10-13,156.4
1931,2014-10-14,157.68
1932,2014-10-15,154.96
1933,2014-10-16,155.23
1934,2014-10-17,152.04
1935,2014-10-20,154.71
1936,2014-10-21,155.34
1937,2014-10-22,156.46
1938,2014-10-23,155.54
1939,2014-10-24,153.52
1940,2014-10-27,149.82
1941,2014-10-28,154.05
1942,2014-10-29,157.92
1943,2014-10-30,157.78
1944,2014-10-31,159.68
1945,2014-11-03,161.01
1946,2014-11-04,160.98
1947,2014-11-05,160.31
1948,2014-11-06,157.58
1949,2014-11-07,159.66
1950,2014-11-10,160.23
1951,2014-11-11,160.14
1952,2014-11-12,158.79
1953,2014-11-13,159.36
1954,2014-11-14,160.03
1955,2014-11-17,158.07
1956,2014-11-18,155.49
1957,2014-11-19,156.81
1958,2014-11-20,159.63
1959,2014-11-21,160.49
1960,2014-11-24,160.47
1961,2014-11-25,161.39
1962,2014-11-26,161.79
1963,2014-11-27,161.82
1964,2014-11-28,161.49
1965,2014-12-01,161.94
1966,2014-12-02,162.19
1967,2014-12-03,165.72
1968,2014-12-04,166.15
1969,2014-12-05,167.0
1970,2014-12-08,166.26
1971,2014-12-09,164.84
1972,2014-12-10,163.66
1973,2014-12-11,164.15
1974,2014-12-12,164.84
1975,2014-12-15,165.02
1976,2014-12-16,164.12
1977,2014-12-17,162.81
1978,2014-12-18,162.85
1979,2014-12-19,161.75
1980,2014-12-22,164.43
1981,2014-12-23,164.74
1982,2014-12-24,166.07
1983,2014-12-25,165.88
1984,2014-12-26,166.97
1985,2014-12-27,167.95
1986,2014-12-29,167.78
1987,2014-12-30,167.49
1988,2014-12-31,168.08
1989,2015-01-05,168.99
1990,2015-01-06,165.98
1991,2015-01-07,166.91
1992,2015-01-08,168.04
1993,2015-01-09,168.27
1994,2015-01-12,167.27
1995,2015-01-13,167.85
1996,2015-01-14,167.88
1997,2015-01-15,167.58
1998,2015-01-16,165.05
1999,2015-01-19,163.97
2000,2015-01-20,166.65
2001,2015-01-21,166.5
2002,2015-01-22,167.85
2003,2015-01-23,168.08
2004,2015-01-26,168.19
2005,2015-01-27,168.49
2006,2015-01-28,168.52
2007,2015-01-29,167.69
2008,2015-01-30,166.67
2009,2015-02-02,165.77
2010,2015-02-03,166.51
2011,2015-02-04,166.81
2012,2015-02-05,166.76
2013,2015-02-06,165.67
2014,2015-02-09,164.97
2015,2015-02-10,163.97
2016,2015-02-11,164.15
2017,2015-02-12,164.31
2018,2015-02-13,164.89
2019,2015-02-24,166.49
2020,2015-02-25,167.36
2021,2015-02-26,167.75
2022,2015-03-02,167.61
2023,2015-03-03,167.38
2024,2015-03-04,167.53
2025,2015-03-05,168.06
2026,2015-03-06,169.14
2027,2015-03-09,169.11
2028,2015-03-10,168.05
2029,2015-03-11,167.65
2030,2015-03-12,168.7
2031,2015-03-13,168.74
2032,2015-03-16,168.54
2033,2015-03-17,167.88
2034,2015-03-18,168.8
2035,2015-03-19,170.29
2036,2015-03-20,171.01
2037,2015-03-23,170.83
2038,2015-03-24,170.45
2039,2015-03-25,168.71
2040,2015-03-26,168.2
2041,2015-03-27,166.52
2042,2015-03-30,165.03
2043,2015-03-31,166.36
2044,2015-04-01,165.39
2045,2015-04-02,166.65
2046,2015-04-07,167.77
2047,2015-04-08,166.82
2048,2015-04-09,165.66
2049,2015-04-10,165.53
2050,2015-04-13,166.7
2051,2015-04-14,167.33
2052,2015-04-15,166.18
2053,2015-04-16,167.07
2054,2015-04-17,165.96
2055,2015-04-20,164.41
2056,2015-04-21,161.8
2057,2015-04-22,163.26
2058,2015-04-23,164.85
2059,2015-04-24,165.21
2060,2015-04-27,166.09
2061,2015-04-28,165.34
2062,2015-04-29,163.49
2063,2015-04-30,164.17
2064,2015-05-04,163.58
2065,2015-05-05,162.72
2066,2015-05-06,163.53
2067,2015-05-07,161.57
2068,2015-05-08,160.28
2069,2015-05-11,157.52
2070,2015-05-12,158.43
2071,2015-05-13,160.22
2072,2015-05-14,159.4
2073,2015-05-15,158.44
2074,2015-05-18,157.54
2075,2015-05-19,160.22
2076,2015-05-20,160.98
2077,2015-05-21,159.94
2078,2015-05-22,161.07
2079,2015-05-25,161.53
2080,2015-05-26,161.89
2081,2015-05-27,162.87
2082,2015-05-28,164.14
2083,2015-05-29,164.09
2084,2015-06-01,163.51
2085,2015-06-02,163.47
2086,2015-06-03,162.14
2087,2015-06-04,157.82
2088,2015-06-05,158.18
2089,2015-06-08,158.32
2090,2015-06-09,153.43
2091,2015-06-10,157.1
2092,2015-06-11,157.13
2093,2015-06-12,157.23
2094,2015-06-15,157.32
2095,2015-06-16,156.28
2096,2015-06-17,157.0
2097,2015-06-18,158.67
2098,2015-06-22,159.88
2099,2015-06-23,160.48
2100,2015-06-24,160.22
2101,2015-06-25,161.21
2102,2015-06-26,161.01
2103,2015-06-29,157.2
2104,2015-06-30,159.18
2105,2015-07-01,160.84
2106,2015-07-02,161.02
2107,2015-07-03,161.12
2108,2015-07-06,158.7
2109,2015-07-07,158.42
2110,2015-07-08,152.3
2111,2015-07-09,152.9
2112,2015-07-13,155.79
2113,2015-07-14,155.24
2114,2015-07-15,154.99
2115,2015-07-16,155.49
2116,2015-07-17,154.91
2117,2015-07-20,152.74
2118,2015-07-21,152.44
2119,2015-07-22,150.9
2120,2015-07-23,149.16
2121,2015-07-24,148.72
2122,2015-07-27,143.36
2123,2015-07-28,146.34
2124,2015-07-29,146.59
2125,2015-07-30,148.03
2126,2015-07-31,147.22
2127,2015-08-03,144.95
2128,2015-08-04,142.62
2129,2015-08-05,145.96
2130,2015-08-06,144.3
2131,2015-08-07,146.03
2132,2015-08-10,149.47
2133,2015-08-11,147.61
2134,2015-08-12,147.2
2135,2015-08-13,148.51
2136,2015-08-14,148.77
2137,2015-08-17,147.15
2138,2015-08-18,146.59
2139,2015-08-19,143.89
2140,2015-08-20,145.03
2141,2015-08-21,140.97
2142,2015-08-24,135.75
2143,2015-08-25,141.2
2144,2015-08-26,143.74
2145,2015-08-27,146.79
2146,2015-08-28,150.02
2147,2015-08-31,151.6
2148,2015-09-01,151.92
2149,2015-09-02,153.26
2150,2015-09-03,155.22
2151,2015-09-04,152.82
2152,2015-09-07,153.62
2153,2015-09-08,154.91
2154,2015-09-09,159.07
2155,2015-09-10,159.98
2156,2015-09-11,160.65
2157,2015-09-14,160.6
2158,2015-09-15,159.7
2159,2015-09-16,160.74
2160,2015-09-17,162.74
2161,2015-09-18,164.23
2162,2015-09-21,161.41
2163,2015-09-22,162.85
2164,2015-09-23,159.67
2165,2015-09-24,156.77
2166,2015-09-25,158.33
2167,2015-09-30,159.02
2168,2015-10-01,161.62
2169,2015-10-02,162.63
2170,2015-10-05,164.86
2171,2015-10-06,163.86
2172,2015-10-07,166.28
2173,2015-10-08,163.44
2174,2015-10-12,164.75
2175,2015-10-13,165.81
2176,2015-10-14,165.81
2177,2015-10-15,166.23
2178,2015-10-16,166.54
2179,2015-10-19,166.49
2180,2015-10-20,167.33
2181,2015-10-21,166.54
2182,2015-10-22,167.3
2183,2015-10-23,167.42
2184,2015-10-26,169.65
2185,2015-10-27,168.96
2186,2015-10-28,168.52
2187,2015-10-29,166.33
2188,2015-10-30,166.02
2189,2015-11-02,167.57
2190,2015-11-03,168.77
2191,2015-11-04,170.48
2192,2015-11-05,171.7
2193,2015-11-06,169.4
2194,2015-11-09,166.67
2195,2015-11-10,166.17
2196,2015-11-11,162.33
2197,2015-11-12,162.42
2198,2015-11-13,161.15
2199,2015-11-16,160.72
2200,2015-11-17,163.34
2201,2015-11-18,163.01
2202,2015-11-19,164.87
2203,2015-11-20,165.3
2204,2015-11-23,165.42
2205,2015-11-24,162.73
2206,2015-11-25,162.51
2207,2015-11-26,164.46
2208,2015-11-27,163.31
2209,2015-11-30,161.74
2210,2015-12-01,164.9
2211,2015-12-02,165.01
2212,2015-12-03,165.18
2213,2015-12-04,165.09
2214,2015-12-07,165.78
2215,2015-12-08,163.38
2216,2015-12-09,159.62
2217,2015-12-10,159.96
2218,2015-12-11,156.1
2219,2015-12-14,154.86
2220,2015-12-15,157.48
2221,2015-12-16,159.17
2222,2015-12-17,162.18
2223,2015-12-18,161.93
2224,2015-12-21,163.36
2225,2015-12-22,162.75
2226,2015-12-23,162.35
2227,2015-12-24,161.08
2228,2015-12-25,162.59
2229,2015-12-28,162.08
2230,2015-12-29,161.2
2231,2015-12-30,161.04
2232,2015-12-31,161.96
2233,2016-01-04,158.59
2234,2016-01-05,157.82
2235,2016-01-06,155.81
2236,2016-01-07,151.85
2237,2016-01-08,155.59
2238,2016-01-11,152.7
2239,2016-01-12,149.84
2240,2016-01-13,151.84
2241,2016-01-14,149.98
2242,2016-01-15,149.89
2243,2016-01-18,154.43
2244,2016-01-19,156.62
2245,2016-01-20,152.32
2246,2016-01-21,152.35
2247,2016-01-22,153.62
2248,2016-01-25,156.41
2249,2016-01-26,155.82
2250,2016-01-27,155.51
2251,2016-01-28,156.81
2252,2016-01-29,159.48
2253,2016-01-30,161.75
2254,2016-02-01,160.51
2255,2016-02-02,160.41
2256,2016-02-03,158.59
2257,2016-02-15,159.43
2258,2016-02-16,162.31
2259,2016-02-17,162.42
2260,2016-02-18,164.26
2261,2016-02-19,164.75
2262,2016-02-22,165.43
2263,2016-02-23,166.25
2264,2016-02-24,164.77
2265,2016-02-25,165.08
2266,2016-02-26,166.08
2267,2016-03-01,167.76
2268,2016-03-02,168.71
2269,2016-03-03,168.45
2270,2016-03-04,169.8
2271,2016-03-07,169.74
2272,2016-03-08,170.01
2273,2016-03-09,169.69
2274,2016-03-10,169.94
2275,2016-03-11,170.68
2276,2016-03-14,172.64
2277,2016-03-15,167.78
2278,2016-03-16,170.28
2279,2016-03-17,168.65
2280,2016-03-18,170.19
2281,2016-03-21,171.22
2282,2016-03-22,170.12
2283,2016-03-23,169.01
2284,2016-03-24,168.12
2285,2016-03-25,167.7
2286,2016-03-28,166.4
2287,2016-03-29,163.77
2288,2016-03-30,162.52
2289,2016-03-31,166.56
2290,2016-04-01,166.06
2291,2016-04-06,165.54
2292,2016-04-07,164.62
2293,2016-04-08,165.29
2294,2016-04-11,164.93
2295,2016-04-12,161.94
2296,2016-04-13,164.41
2297,2016-04-14,164.72
2298,2016-04-15,164.79
2299,2016-04-18,164.33
2300,2016-04-19,164.11
2301,2016-04-20,162.06
2302,2016-04-21,162.79
2303,2016-04-22,160.91
2304,2016-04-25,160.85
2305,2016-04-26,161.85
2306,2016-04-27,161.23
2307,2016-04-28,159.99
2308,2016-04-29,158.35
2309,2016-05-03,157.4
2310,2016-05-04,155.9
2311,2016-05-05,156.48
2312,2016-05-06,155.49
2313,2016-05-09,153.55
2314,2016-05-10,154.84
2315,2016-05-11,153.82
2316,2016-05-12,151.43
2317,2016-05-13,149.53
2318,2016-05-16,152.77
2319,2016-05-17,155.12
2320,2016-05-18,155.22
2321,2016-05-19,154.3
2322,2016-05-20,155.2
2323,2016-05-23,159.45
2324,2016-05-24,159.2
2325,2016-05-25,160.55
2326,2016-05-26,160.63
2327,2016-05-27,162.17
2328,2016-05-30,163.64
2329,2016-05-31,164.1
2330,2016-06-01,164.97
2331,2016-06-02,162.88
2332,2016-06-03,163.12
2333,2016-06-04,163.79
2334,2016-06-06,163.13
2335,2016-06-07,163.82
2336,2016-06-08,163.81
2337,2016-06-13,160.88
2338,2016-06-14,161.99
2339,2016-06-15,162.33
2340,2016-06-16,160.95
2341,2016-06-17,161.96
2342,2016-06-20,163.19
2343,2016-06-21,163.98
2344,2016-06-22,164.33
2345,2016-06-23,163.6
2346,2016-06-24,159.15
2347,2016-06-27,160.79
2348,2016-06-28,162.3
2349,2016-06-29,163.42
2350,2016-06-30,164.46
2351,2016-07-01,164.72
2352,2016-07-04,165.8
2353,2016-07-05,165.71
2354,2016-07-06,163.56
2355,2016-07-07,163.92
2356,2016-07-11,164.6
2357,2016-07-12,164.92
2358,2016-07-13,165.69
2359,2016-07-14,166.08
2360,2016-07-15,167.14
2361,2016-07-18,168.08
2362,2016-07-19,168.03
2363,2016-07-20,167.11
2364,2016-07-21,168.12
2365,2016-07-22,167.83
2366,2016-07-25,166.67
2367,2016-07-26,167.32
2368,2016-07-27,166.93
2369,2016-07-28,166.17
2370,2016-07-29,165.85
2371,2016-08-01,166.63
2372,2016-08-02,167.19
2373,2016-08-03,166.82
2374,2016-08-04,166.83
2375,2016-08-05,167.25
2376,2016-08-08,167.45
2377,2016-08-09,165.62
2378,2016-08-10,165.57
2379,2016-08-11,164.53
2380,2016-08-12,164.35
2381,2016-08-15,165.23
2382,2016-08-16,165.36
2383,2016-08-17,164.64
2384,2016-08-18,165.45
2385,2016-08-19,164.43
2386,2016-08-22,163.39
2387,2016-08-23,164.3
2388,2016-08-24,163.99
2389,2016-08-25,165.06
2390,2016-08-26,165.03
2391,2016-08-29,164.95
2392,2016-08-30,165.55
2393,2016-08-31,165.25
2394,2016-09-01,164.42
2395,2016-09-02,161.87
2396,2016-09-05,163.57
2397,2016-09-06,164.83
2398,2016-09-07,165.53
2399,2016-09-08,166.05
2400,2016-09-09,165.52
2401,2016-09-10,163.1
2402,2016-09-12,162.04
2403,2016-09-13,160.99
2404,2016-09-14,160.87
2405,2016-09-19,163.54
2406,2016-09-20,163.54
2407,2016-09-21,164.71
2408,2016-09-22,164.75
2409,2016-09-23,165.65
2410,2016-09-26,163.77
2411,2016-09-29,164.36
2412,2016-09-30,163.8
2413,2016-10-03,164.54
2414,2016-10-04,165.17
2415,2016-10-05,164.72
2416,2016-10-06,164.95
2417,2016-10-07,163.87
2418,2016-10-11,161.08
2419,2016-10-12,161.01
2420,2016-10-13,160.69
2421,2016-10-14,158.57
2422,2016-10-17,159.52
2423,2016-10-18,160.13
2424,2016-10-19,160.89
2425,2016-10-20,161.37
2426,2016-10-21,161.92
2427,2016-10-24,162.26
2428,2016-10-25,162.48
2429,2016-10-26,162.67
2430,2016-10-27,162.3
2431,2016-10-28,161.35
2432,2016-10-31,161.13
2433,2016-11-01,160.95
2434,2016-11-02,157.79
2435,2016-11-03,156.47
2436,2016-11-04,156.65
2437,2016-11-07,158.08
2438,2016-11-08,157.96
2439,2016-11-09,152.5
2440,2016-11-10,157.73
2441,2016-11-11,155.36
2442,2016-11-14,155.61
2443,2016-11-15,155.58
2444,2016-11-16,156.57
2445,2016-11-17,156.83
2446,2016-11-18,158.52
2447,2016-11-21,159.34
2448,2016-11-22,160.48
2449,2016-11-23,160.65
2450,2016-11-24,160.62
2451,2016-11-25,160.98
2452,2016-11-28,161.81
2453,2016-11-29,162.27
2454,2016-11-30,162.26
2455,2016-12-01,162.85
2456,2016-12-02,162.12
2457,2016-12-05,162.15
2458,2016-12-06,163.01
2459,2016-12-07,163.67
2460,2016-12-08,164.38
2461,2016-12-09,164.92
2462,2016-12-12,163.81
2463,2016-12-13,164.25
2464,2016-12-14,164.51
2465,2016-12-15,164.69
2466,2016-12-16,164.68
2467,2016-12-19,163.03
2468,2016-12-20,163.47
2469,2016-12-21,163.55
2470,2016-12-22,162.35
2471,2016-12-23,161.88
2472,2016-12-26,162.11
2473,2016-12-27,161.54
2474,2016-12-28,163.23
2475,2016-12-29,163.19
2476,2016-12-30,164.1
2477,2017-01-03,164.72
2478,2017-01-04,165.44
2479,2017-01-05,166.37
2480,2017-01-06,166.71
2481,2017-01-09,165.36
2482,2017-01-10,165.59
2483,2017-01-11,165.31
2484,2017-01-12,165.72
2485,2017-01-13,165.5
2486,2017-01-16,164.58
2487,2017-01-17,165.62
2488,2017-01-18,166.62
2489,2017-01-19,166.45
2490,2017-01-20,166.46
2491,2017-01-23,167.44
2492,2017-01-24,167.52
2493,2017-02-02,169.37
2494,2017-02-03,170.39
2495,2017-02-06,171.43
2496,2017-02-07,170.91
2497,2017-02-08,171.66
2498,2017-02-09,172.87
2499,2017-02-10,171.89
2500,2017-02-13,172.2
2501,2017-02-14,171.31
2502,2017-02-15,172.53
2503,2017-02-16,172.05
2504,2017-02-17,172.69
2505,2017-02-18,173.79
2506,2017-02-20,171.85
2507,2017-02-21,171.89
2508,2017-02-22,172.73
2509,2017-02-23,172.05
2510,2017-02-24,172.07
2511,2017-03-01,170.66
2512,2017-03-02,170.62
2513,2017-03-03,169.84
2514,2017-03-06,170.71
2515,2017-03-07,171.22
2516,2017-03-08,171.2
2517,2017-03-09,169.88
2518,2017-03-10,169.05
2519,2017-03-13,169.96
2520,2017-03-14,170.84
2521,2017-03-15,170.7
2522,2017-03-16,171.2
2523,2017-03-17,172.62
2524,2017-03-20,172.66
2525,2017-03-21,172.3
2526,2017-03-22,172.33
2527,2017-03-23,172.37
2528,2017-03-24,171.69
2529,2017-03-27,169.65
2530,2017-03-28,168.27
2531,2017-03-29,169.48
2532,2017-03-30,170.09
2533,2017-03-31,169.81
2534,2017-04-05,170.67
2535,2017-04-06,170.13
2536,2017-04-07,170.42
2537,2017-04-10,170.34
2538,2017-04-11,167.6
2539,2017-04-12,167.51
2540,2017-04-13,167.06
2541,2017-04-14,163.86
2542,2017-04-17,163.56
2543,2017-04-18,165.71
2544,2017-04-19,164.58
2545,2017-04-20,163.66
2546,2017-04-21,164.9
2547,2017-04-24,163.85
2548,2017-04-25,165.82
2549,2017-04-26,167.28
2550,2017-04-27,167.51
2551,2017-04-28,167.26
2552,2017-05-02,167.75
2553,2017-05-03,166.77
2554,2017-05-04,167.56
2555,2017-05-05,165.99
2556,2017-05-08,164.83
2557,2017-05-09,163.08
2558,2017-05-10,165.5
2559,2017-05-11,164.99
2560,2017-05-12,165.16
2561,2017-05-15,166.47
2562,2017-05-16,165.6
2563,2017-05-17,165.7
2564,2017-05-18,165.98
2565,2017-05-19,166.27
2566,2017-05-22,166.74
2567,2017-05-23,167.06
2568,2017-05-24,167.88
2569,2017-05-25,168.59
2570,2017-05-26,167.93
2571,2017-05-31,167.1
2572,2017-06-01,168.18
2573,2017-06-02,169.35
2574,2017-06-03,170.04
2575,2017-06-05,171.21
2576,2017-06-06,171.27
2577,2017-06-07,170.81
2578,2017-06-08,171.05
2579,2017-06-09,170.48
2580,2017-06-12,169.84
2581,2017-06-13,169.32
2582,2017-06-14,166.77
2583,2017-06-15,167.16
2584,2017-06-16,168.53
2585,2017-06-19,169.63
2586,2017-06-20,169.34
2587,2017-06-21,170.44
2588,2017-06-22,171.2
2589,2017-06-23,170.6
2590,2017-06-26,171.77
2591,2017-06-27,171.57
2592,2017-06-28,170.64
2593,2017-06-29,169.96
2594,2017-06-30,170.02
2595,2017-07-03,169.63
2596,2017-07-04,168.95
2597,2017-07-05,169.32
2598,2017-07-06,169.72
2599,2017-07-07,168.46
2600,2017-07-10,167.81
2601,2017-07-11,168.27
2602,2017-07-12,169.66
2603,2017-07-13,169.51
2604,2017-07-14,170.31
2605,2017-07-17,170.38
2606,2017-07-18,171.27
2607,2017-07-19,171.36
2608,2017-07-20,171.15
2609,2017-07-21,170.63
2610,2017-07-24,170.66
2611,2017-07-25,171.8
2612,2017-07-26,171.41
2613,2017-07-27,172.06
2614,2017-07-28,170.67
2615,2017-07-31,171.1
2616,2017-08-01,171.74
2617,2017-08-02,172.27
2618,2017-08-03,171.46
2619,2017-08-04,172.3
2620,2017-08-07,173.85
2621,2017-08-08,171.69
2622,2017-08-09,169.99
2623,2017-08-10,165.81
2624,2017-08-11,166.9
2625,2017-08-14,162.86
2626,2017-08-15,165.07
2627,2017-08-16,166.29
2628,2017-08-17,168.71
2629,2017-08-18,168.37
2630,2017-08-21,169.23
2631,2017-08-22,170.18
2632,2017-08-23,170.95
2633,2017-08-24,172.0
2634,2017-08-25,172.28
2635,2017-08-28,173.52
2636,2017-08-29,172.76
2637,2017-08-30,173.32
2638,2017-08-31,173.64
2639,2017-09-01,174.91
2640,2017-09-04,173.9
2641,2017-09-05,175.96
2642,2017-09-06,175.02
2643,2017-09-07,172.43
2644,2017-09-08,174.94
2645,2017-09-11,173.74
2646,2017-09-12,173.08
2647,2017-09-13,171.87
2648,2017-09-14,172.95
2649,2017-09-15,172.75
2650,2017-09-18,173.06
2651,2017-09-19,171.73
2652,2017-09-20,170.8
2653,2017-09-21,171.62
2654,2017-09-22,170.01
2655,2017-09-25,166.77
2656,2017-09-26,164.39
2657,2017-09-27,167.04
2658,2017-09-28,167.33
2659,2017-09-29,166.48
2660,2017-09-30,168.3
2661,2017-10-02,170.58
2662,2017-10-03,170.76
2663,2017-10-05,172.2
2664,2017-10-06,171.81
2665,2017-10-11,170.61
2666,2017-10-12,171.9
2667,2017-10-13,172.24
2668,2017-10-16,172.13
2669,2017-10-17,170.97
2670,2017-10-18,170.25
2671,2017-10-19,171.69
2672,2017-10-20,171.45
2673,2017-10-23,171.57
2674,2017-10-24,172.62
2675,2017-10-25,171.71
2676,2017-10-26,172.34
2677,2017-10-27,168.8
2678,2017-10-30,169.04
2679,2017-10-31,170.83
2680,2017-11-01,171.41
2681,2017-11-02,170.75
2682,2017-11-03,170.47
2683,2017-11-06,170.66
2684,2017-11-07,170.58
2685,2017-11-08,171.07
2686,2017-11-09,167.92
2687,2017-11-10,168.78
2688,2017-11-13,166.63
2689,2017-11-14,166.82
2690,2017-11-15,167.05
2691,2017-11-16,167.19
2692,2017-11-17,168.48
2693,2017-11-20,168.25
2694,2017-11-21,170.35
2695,2017-11-22,170.33
2696,2017-11-23,171.09
2697,2017-11-24,171.32
2698,2017-11-27,170.48
2699,2017-11-28,170.19
2700,2017-11-29,170.58
2701,2017-11-30,169.23
2702,2017-12-01,167.14
2703,2017-12-04,167.37
2704,2017-12-05,165.06
2705,2017-12-06,162.11
2706,2017-12-07,160.66
2707,2017-12-08,162.91
2708,2017-12-11,165.98
2709,2017-12-12,164.56
2710,2017-12-13,165.31
2711,2017-12-14,165.38
2712,2017-12-15,164.91
2713,2017-12-18,164.97
2714,2017-12-19,164.43
2715,2017-12-20,166.13
2716,2017-12-21,166.13
2717,2017-12-22,166.18
2718,2017-12-25,165.92
2719,2017-12-26,163.13
2720,2017-12-27,164.24
2721,2017-12-28,166.25
2722,2017-12-29,166.6
2723,2018-01-02,168.27
2724,2018-01-03,169.06
2725,2018-01-04,171.01
2726,2018-01-05,171.26
2727,2018-01-08,170.01
2728,2018-01-09,168.89
2729,2018-01-10,167.17
2730,2018-01-11,167.62
2731,2018-01-12,169.27
2732,2018-01-15,170.29
2733,2018-01-16,171.28
2734,2018-01-17,171.03
2735,2018-01-18,170.46
2736,2018-01-19,170.52
2737,2018-01-22,171.76
2738,2018-01-23,170.64
2739,2018-01-24,171.38
2740,2018-01-25,169.52
2741,2018-01-26,169.91
2742,2018-01-29,170.87
2743,2018-01-30,168.72
2744,2018-01-31,169.21
2745,2018-02-01,169.16
2746,2018-02-02,168.54
2747,2018-02-05,166.06
2748,2018-02-06,156.36
2749,2018-02-07,159.23
2750,2018-02-08,157.57
2751,2018-02-09,155.72
2752,2018-02-12,156.52
2753,2018-02-21,162.78
2754,2018-02-22,163.64
2755,2018-02-23,165.15
2756,2018-02-26,165.55
2757,2018-02-27,165.44
2758,2018-03-01,165.91
2759,2018-03-02,164.88
2760,2018-03-05,163.25
2761,2018-03-06,164.6
2762,2018-03-07,163.85
2763,2018-03-08,165.56
2764,2018-03-09,166.03
2765,2018-03-12,166.87
2766,2018-03-13,168.18
2767,2018-03-14,167.65
2768,2018-03-15,168.48
2769,2018-03-16,167.93
2770,2018-03-19,168.09
2771,2018-03-20,167.61
2772,2018-03-21,168.44
2773,2018-03-22,166.24
2774,2018-03-23,163.36
2775,2018-03-26,164.29
2776,2018-03-27,166.21
2777,2018-03-28,164.48
2778,2018-03-29,164.69
2779,2018-03-30,164.88
2780,2018-03-31,165.96
2781,2018-04-02,165.41
2782,2018-04-03,164.93
2783,2018-04-09,165.29
2784,2018-04-10,164.7
2785,2018-04-11,165.55
2786,2018-04-12,165.81
2787,2018-04-13,166.31
2788,2018-04-16,166.01
2789,2018-04-17,162.78
2790,2018-04-18,163.38
2791,2018-04-19,164.7
2792,2018-04-20,163.18
2793,2018-04-23,161.58
2794,2018-04-24,157.21
2795,2018-04-25,158.92
2796,2018-04-26,155.59
2797,2018-04-27,155.87
2798,2018-04-30,159.65
2799,2018-05-02,159.65
2800,2018-05-03,158.49
2801,2018-05-04,158.61
2802,2018-05-07,160.47
2803,2018-05-08,161.06
2804,2018-05-09,161.42
2805,2018-05-10,163.25
2806,2018-05-11,162.93
2807,2018-05-14,165.08
2808,2018-05-15,164.31
2809,2018-05-16,164.09
2810,2018-05-17,163.26
2811,2018-05-18,163.45
2812,2018-05-21,166.24
2813,2018-05-22,162.76
2814,2018-05-23,164.86
2815,2018-05-24,166.41
2816,2018-05-25,167.05
2817,2018-05-28,168.95
2818,2018-05-29,168.18
2819,2018-05-30,167.52
2820,2018-05-31,167.03
2821,2018-06-01,168.45
2822,2018-06-04,170.92
2823,2018-06-05,170.16
2824,2018-06-06,172.78
2825,2018-06-07,173.26
2826,2018-06-08,171.78
2827,2018-06-11,172.76
2828,2018-06-12,172.76
2829,2018-06-13,171.52
2830,2018-06-14,170.47
2831,2018-06-15,171.31
2832,2018-06-19,167.75
2833,2018-06-20,164.11
2834,2018-06-21,166.82
2835,2018-06-22,164.38
2836,2018-06-25,163.54
2837,2018-06-26,163.72
2838,2018-06-27,163.16
2839,2018-06-28,162.34
2840,2018-06-29,164.31
2841,2018-07-02,164.55
2842,2018-07-03,161.7
2843,2018-07-04,161.57
2844,2018-07-05,158.49
2845,2018-07-06,159.81
2846,2018-07-09,159.93
2847,2018-07-10,162.05
2848,2018-07-11,160.58
2849,2018-07-12,163.15
2850,2018-07-13,164.85
2851,2018-07-16,164.11
2852,2018-07-17,162.83
2853,2018-07-18,162.11
2854,2018-07-19,162.47
2855,2018-07-20,161.05
2856,2018-07-23,160.16
2857,2018-07-24,162.4
2858,2018-07-25,162.97
2859,2018-07-26,163.55
2860,2018-07-27,164.82
2861,2018-07-30,161.75
2862,2018-07-31,162.23
2863,2018-08-01,163.11
2864,2018-08-02,159.74
2865,2018-08-03,161.26
2866,2018-08-06,161.65
2867,2018-08-07,161.99
2868,2018-08-08,161.36
2869,2018-08-09,160.89
2870,2018-08-10,158.97
2871,2018-08-13,153.84
2872,2018-08-14,156.09
2873,2018-08-15,153.75
2874,2018-08-16,154.76
2875,2018-08-17,153.78
2876,2018-08-20,153.41
2877,2018-08-21,155.77
2878,2018-08-22,155.42
2879,2018-08-23,154.82
2880,2018-08-24,154.43
2881,2018-08-27,157.69
2882,2018-08-28,158.22
2883,2018-08-29,159.37
2884,2018-08-30,158.91
2885,2018-08-31,159.52
2886,2018-09-03,155.84
2887,2018-09-04,157.19
2888,2018-09-05,156.6
2889,2018-09-06,155.25
2890,2018-09-07,151.92
2891,2018-09-10,148.26
2892,2018-09-11,150.33
2893,2018-09-12,148.98
2894,2018-09-13,149.44
2895,2018-09-14,153.45
2896,2018-09-17,153.3
2897,2018-09-18,151.15
2898,2018-09-19,152.23
2899,2018-09-20,151.01
2900,2018-09-21,153.62
2901,2018-09-25,154.74
2902,2018-09-26,154.94
2903,2018-09-27,154.02
2904,2018-09-28,154.28
2905,2018-10-01,155.52
2906,2018-10-02,154.14
2907,2018-10-03,152.97
2908,2018-10-04,151.79
2909,2018-10-05,147.9
2910,2018-10-08,147.94
2911,2018-10-09,147.01
2912,2018-10-11,140.05
2913,2018-10-12,144.77
2914,2018-10-15,145.34
2915,2018-10-16,146.66
2916,2018-10-17,147.24
2917,2018-10-18,146.32
2918,2018-10-19,146.31
2919,2018-10-22,148.35
2920,2018-10-23,144.3
2921,2018-10-24,144.23
2922,2018-10-25,140.36
2923,2018-10-26,139.83
2924,2018-10-29,139.9
2925,2018-10-30,139.81
2926,2018-10-31,144.66
2927,2018-11-01,148.02
2928,2018-11-02,149.77
2929,2018-11-05,149.32
2930,2018-11-06,146.63
2931,2018-11-07,150.4
2932,2018-11-08,150.06
2933,2018-11-09,149.89
2934,2018-11-12,149.13
2935,2018-11-13,149.44
2936,2018-11-14,149.84
2937,2018-11-15,150.97
2938,2018-11-16,151.44
2939,2018-11-19,153.18
2940,2018-11-20,152.28
2941,2018-11-21,153.63
2942,2018-11-22,151.82
2943,2018-11-23,149.88
2944,2018-11-26,152.74
2945,2018-11-27,154.29
2946,2018-11-28,156.56
2947,2018-11-29,157.28
2948,2018-11-30,158.08
2949,2018-12-03,163.92
2950,2018-12-04,162.34
2951,2018-12-05,159.75
2952,2018-12-06,154.03
2953,2018-12-07,155.65
2954,2018-12-10,153.26
2955,2018-12-11,154.37
2956,2018-12-12,157.72
2957,2018-12-13,157.75
2958,2018-12-14,156.34
2959,2018-12-17,156.29
2960,2018-12-18,154.45
2961,2018-12-19,154.17
2962,2018-12-20,151.44
2963,2018-12-21,151.88
2964,2018-12-22,151.27
2965,2018-12-24,152.46
2966,2018-12-25,151.01
2967,2018-12-26,149.42
2968,2018-12-27,151.9
2969,2018-12-28,152.29
2970,2019-01-02,151.27
2971,2019-01-03,149.87
2972,2019-01-04,148.84
2973,2019-01-07,152.04
2974,2019-01-08,152.86
2975,2019-01-09,154.43
2976,2019-01-10,154.78
2977,2019-01-11,154.58
2978,2019-01-14,154.09
2979,2019-01-15,155.92
2980,2019-01-16,156.63
2981,2019-01-17,155.93
2982,2019-01-18,157.41
2983,2019-01-21,157.64
2984,2019-01-22,156.38
2985,2019-01-23,157.1
2986,2019-01-24,157.86
2987,2019-01-25,159.12
2988,2019-01-28,159.96
2989,2019-01-29,159.03
2990,2019-01-30,159.72
2991,2019-02-11,161.56
2992,2019-02-12,163.24
2993,2019-02-13,165.56
2994,2019-02-14,165.54
2995,2019-02-15,164.08
2996,2019-02-18,165.68
2997,2019-02-19,166.37
2998,2019-02-20,167.42
2999,2019-02-21,168.31
3000,2019-02-22,167.36
3001,2019-02-25,169.34
3002,2019-02-26,168.14
3003,2019-02-27,167.7
3004,2019-03-04,168.89
3005,2019-03-05,167.85
3006,2019-03-06,168.28
3007,2019-03-07,165.59
3008,2019-03-08,165.63
3009,2019-03-11,166.31
3010,2019-03-12,167.01
3011,2019-03-13,166.93
3012,2019-03-14,167.22
3013,2019-03-15,168.24
3014,2019-03-18,169.56
3015,2019-03-19,169.56
3016,2019-03-20,170.09
3017,2019-03-21,170.61
3018,2019-03-22,169.56
3019,2019-03-25,167.04
3020,2019-03-26,167.88
3021,2019-03-27,166.5
3022,2019-03-28,167.83
3023,2019-03-29,169.4
3024,2019-04-01,169.7
3025,2019-04-02,171.01
3026,2019-04-03,171.92
3027,2019-04-08,172.97
3028,2019-04-09,173.8
3029,2019-04-10,173.98
3030,2019-04-11,172.22
3031,2019-04-12,170.63
3032,2019-04-15,172.57
3033,2019-04-16,173.66
3034,2019-04-17,174.23
3035,2019-04-18,171.78
3036,2019-04-19,172.94
3037,2019-04-22,172.84
3038,2019-04-23,171.97
3039,2019-04-24,171.48
3040,2019-04-25,171.57
3041,2019-04-26,169.23
3042,2019-04-29,166.24
3043,2019-04-30,167.83
3044,2019-05-02,168.83
3045,2019-05-03,170.23
3046,2019-05-06,165.6
3047,2019-05-07,167.16
3048,2019-05-08,166.37
3049,2019-05-09,162.06
3050,2019-05-10,161.6
3051,2019-05-13,158.36
3052,2019-05-14,159.76
3053,2019-05-15,161.56
3054,2019-05-16,159.13
3055,2019-05-17,156.75
3056,2019-05-20,156.04
3057,2019-05-21,158.49
3058,2019-05-22,157.96
3059,2019-05-23,155.71
3060,2019-05-24,155.55
3061,2019-05-27,155.81
3062,2019-05-28,156.73
3063,2019-05-29,156.76
3064,2019-05-30,157.81
3065,2019-05-31,160.0
3066,2019-06-03,158.83
3067,2019-06-04,158.36
3068,2019-06-05,158.78
3069,2019-06-06,156.93
3070,2019-06-10,159.87
3071,2019-06-11,161.34
3072,2019-06-12,161.67
3073,2019-06-13,161.63
3074,2019-06-14,161.44
3075,2019-06-17,162.05
3076,2019-06-18,161.49
3077,2019-06-19,164.22
3078,2019-06-20,165.95
3079,2019-06-21,165.2
3080,2019-06-24,165.98
3081,2019-06-25,164.07
3082,2019-06-26,164.6
3083,2019-06-27,165.6
3084,2019-06-28,165.43
3085,2019-07-01,168.97
3086,2019-07-02,169.44
3087,2019-07-03,167.8
3088,2019-07-04,168.61
3089,2019-07-05,169.33
3090,2019-07-08,168.95
3091,2019-07-09,167.3
3092,2019-07-10,168.74
3093,2019-07-11,169.09
3094,2019-07-12,169.17
3095,2019-07-15,170.08
3096,2019-07-16,170.17
3097,2019-07-17,169.29
3098,2019-07-18,167.73
3099,2019-07-19,168.6
3100,2019-07-22,169.55
3101,2019-07-23,169.1
3102,2019-07-24,170.04
3103,2019-07-25,170.71
3104,2019-07-26,170.74
3105,2019-07-29,170.3
3106,2019-07-30,166.53
3107,2019-07-31,168.54
3108,2019-08-01,167.98
3109,2019-08-02,163.77
3110,2019-08-05,161.5
3111,2019-08-06,161.71
3112,2019-08-07,161.13
3113,2019-08-08,163.58
3114,2019-08-12,164.31
3115,2019-08-13,162.99
3116,2019-08-14,163.59
3117,2019-08-15,162.29
3118,2019-08-16,163.89
3119,2019-08-19,165.81
3120,2019-08-20,165.73
3121,2019-08-21,166.55
3122,2019-08-22,166.25
3123,2019-08-23,166.4
3124,2019-08-26,162.56
3125,2019-08-27,163.88
3126,2019-08-28,164.65
3127,2019-08-29,165.04
3128,2019-08-30,166.51
3129,2019-09-02,168.41
3130,2019-09-03,167.53
3131,2019-09-04,169.11
3132,2019-09-05,169.53
3133,2019-09-06,169.26
3134,2019-09-09,168.46
3135,2019-09-10,166.98
3136,2019-09-11,167.56
3137,2019-09-12,168.48
3138,2019-09-16,168.12
3139,2019-09-17,168.17
3140,2019-09-18,168.93
3141,2019-09-19,168.89
3142,2019-09-20,169.74
3143,2019-09-23,170.17
3144,2019-09-24,169.59
3145,2019-09-25,168.56
3146,2019-09-26,168.18
3147,2019-09-27,166.23
3148,2019-10-01,167.75
3149,2019-10-02,168.53
3150,2019-10-03,168.44
3151,2019-10-04,168.5
3152,2019-10-07,169.13
3153,2019-10-08,168.63
3154,2019-10-09,167.57
3155,2019-10-14,169.78
3156,2019-10-15,170.0
3157,2019-10-16,169.6
3158,2019-10-17,170.97
3159,2019-10-18,171.04
3160,2019-10-21,171.69
3161,2019-10-22,172.01
3162,2019-10-23,171.77
3163,2019-10-24,173.14
3164,2019-10-25,172.38
3165,2019-10-28,173.0
3166,2019-10-29,171.52
3167,2019-10-30,172.39
3168,2019-10-31,171.01
3169,2019-11-01,172.2
3170,2019-11-04,172.97
3171,2019-11-05,173.81
3172,2019-11-06,172.6
3173,2019-11-07,170.79
3174,2019-11-08,170.66
3175,2019-11-11,166.83
3176,2019-11-12,166.01
3177,2019-11-13,168.68
3178,2019-11-14,167.95
3179,2019-11-15,168.96
3180,2019-11-18,169.6
3181,2019-11-19,169.44
3182,2019-11-20,168.28
3183,2019-11-21,168.89
3184,2019-11-22,168.71
3185,2019-11-25,169.41
3186,2019-11-26,170.44
3187,2019-11-27,170.94
3188,2019-11-28,170.15
3189,2019-11-29,168.67
3190,2019-12-02,167.85
3191,2019-12-03,168.81
3192,2019-12-04,168.74
3193,2019-12-05,170.18
3194,2019-12-06,170.74
3195,2019-12-09,171.26
3196,2019-12-10,170.94
3197,2019-12-11,171.54
3198,2019-12-12,171.5
3199,2019-12-13,170.74
3200,2019-12-16,172.61
3201,2019-12-17,173.39
3202,2019-12-18,173.03
3203,2019-12-19,172.45
3204,2019-12-20,172.09
3205,2019-12-23,171.75
3206,2019-12-24,171.93
3207,2019-12-25,173.17
3208,2019-12-26,173.09
3209,2019-12-27,173.17
3210,2019-12-30,174.33
3211,2019-12-31,174.25
3212,2020-01-02,175.95
3213,2020-01-03,174.07
3214,2020-01-06,171.82
3215,2020-01-07,169.51
3216,2020-01-08,167.29
3217,2020-01-09,170.28
3218,2020-01-10,170.43
3219,2020-01-13,172.31
3220,2020-01-14,173.83
3221,2020-01-15,172.83
3222,2020-01-16,173.61
3223,2020-01-17,173.47
3224,2020-01-20,174.19
3225,2020-01-30,161.22
3226,2020-01-31,161.91
3227,2020-02-03,159.35
3228,2020-02-04,163.24
3229,2020-02-05,163.03
3230,2020-02-06,166.17
3231,2020-02-07,163.34
3232,2020-02-10,162.44
3233,2020-02-11,165.34
3234,2020-02-12,167.48
3235,2020-02-13,166.94
3236,2020-02-14,168.49
3237,2020-02-17,167.5
3238,2020-02-18,166.41
3239,2020-02-19,168.1
3240,2020-02-20,168.45
3241,2020-02-21,167.7
3242,2020-02-24,166.63
3243,2020-02-25,166.58
3244,2020-02-26,164.72
3245,2020-02-27,160.0
3246,2020-03-02,160.3
3247,2020-03-03,162.94
3248,2020-03-04,162.52
3249,2020-03-05,165.19
3250,2020-03-06,163.75
3251,2020-03-09,157.17
3252,2020-03-10,158.66
3253,2020-03-11,156.28
3254,2020-03-12,148.19
3255,2020-03-13,146.35
3256,2020-03-16,141.68
3257,2020-03-17,139.94
3258,2020-03-18,139.14
3259,2020-03-19,134.81
3260,2020-03-20,144.5
3261,2020-03-23,140.82
3262,2020-03-24,147.93
3263,2020-03-25,154.18
3264,2020-03-26,156.33
3265,2020-03-27,155.49
3266,2020-03-30,155.82
3267,2020-03-31,156.46
3268,2020-04-01,157.57
3269,2020-04-06,160.89
3270,2020-04-07,164.34
3271,2020-04-08,167.51
3272,2020-04-09,166.09
3273,2020-04-10,167.24
3274,2020-04-13,166.0
3275,2020-04-14,169.53
3276,2020-04-15,170.87
3277,2020-04-16,170.99
3278,2020-04-17,170.66
3279,2020-04-20,171.62
3280,2020-04-21,166.68
3281,2020-04-22,168.42
3282,2020-04-23,168.83
3283,2020-04-24,169.61
3284,2020-04-27,173.18
3285,2020-04-28,173.74
3286,2020-04-29,175.43
3287,2020-04-30,177.73
3288,2020-05-04,175.42
3289,2020-05-05,176.31
3290,2020-05-06,175.85
3291,2020-05-07,177.71
3292,2020-05-08,176.64
3293,2020-05-11,177.4
3294,2020-05-12,175.99
3295,2020-05-13,176.69
3296,2020-05-14,171.9
3297,2020-05-15,172.06
3298,2020-05-18,170.24
3299,2020-05-19,171.85
3300,2020-05-20,172.8
3301,2020-05-21,174.56
3302,2020-05-22,171.91
3303,2020-05-25,173.87
3304,2020-05-26,174.24
3305,2020-05-27,174.03
3306,2020-05-28,172.83
3307,2020-05-29,173.57
3308,2020-06-01,176.27
3309,2020-06-02,175.78
3310,2020-06-03,178.13
3311,2020-06-04,178.79
3312,2020-06-05,179.47
3313,2020-06-08,179.42
3314,2020-06-09,178.94
3315,2020-06-10,179.41
3316,2020-06-11,174.51
3317,2020-06-12,174.79
3318,2020-06-15,173.34
3319,2020-06-16,176.9
3320,2020-06-17,177.05
3321,2020-06-18,177.3
3322,2020-06-19,178.68
3323,2020-06-22,178.84
3324,2020-06-23,178.44
3325,2020-06-24,178.97
3326,2020-06-29,177.01
3327,2020-06-30,178.08
3328,2020-07-01,179.74
3329,2020-07-02,181.72
3330,2020-07-03,182.04
3331,2020-07-06,185.15
3332,2020-07-07,182.96
3333,2020-07-08,184.58
3334,2020-07-09,183.61
3335,2020-07-10,178.71
3336,2020-07-13,180.82
3337,2020-07-14,178.22
3338,2020-07-15,176.16
3339,2020-07-16,176.23
3340,2020-07-17,173.45
3341,2020-07-20,174.34
3342,2020-07-21,176.66
3343,2020-07-22,178.24
3344,2020-07-23,177.66
3345,2020-07-24,173.54
3346,2020-07-27,173.03
3347,2020-07-28,169.46
3348,2020-07-29,171.62
3349,2020-07-30,173.51
3350,2020-07-31,174.2
3351,2020-08-03,173.98
3352,2020-08-04,175.88
3353,2020-08-05,177.33
3354,2020-08-06,174.69
3355,2020-08-07,175.17
3356,2020-08-10,174.31
3357,2020-08-11,172.13
3358,2020-08-12,172.08
3359,2020-08-13,170.6
3360,2020-08-14,173.61
3361,2020-08-17,175.27
3362,2020-08-18,171.72
3363,2020-08-19,171.5
3364,2020-08-20,163.47
3365,2020-08-21,168.07
3366,2020-08-24,169.24
3367,2020-08-25,170.66
3368,2020-08-26,171.56
3369,2020-08-27,171.07
3370,2020-08-28,171.12
3371,2020-08-31,170.68
3372,2020-09-01,171.88
3373,2020-09-02,173.0
3374,2020-09-03,173.42
3375,2020-09-04,172.55
3376,2020-09-07,170.06
3377,2020-09-08,169.65
3378,2020-09-09,170.55
3379,2020-09-10,169.72
3380,2020-09-11,168.09
3381,2020-09-14,170.72
3382,2020-09-15,171.47
3383,2020-09-16,171.99
3384,2020-09-17,171.94
3385,2020-09-18,172.45
3386,2020-09-21,170.97
3387,2020-09-22,168.86
3388,2020-09-23,168.52
3389,2020-09-24,164.14
3390,2020-09-25,160.79
3391,2020-09-28,164.21
3392,2020-09-29,164.15
3393,2020-09-30,165.67
3394,2020-10-05,167.19
3395,2020-10-06,168.84
3396,2020-10-07,168.88
3397,2020-10-08,169.53
3398,2020-10-12,168.67
3399,2020-10-13,169.03
3400,2020-10-14,169.58
3401,2020-10-15,168.58
3402,2020-10-16,166.93
3403,2020-10-19,169.02
3404,2020-10-20,169.03
3405,2020-10-21,169.38
3406,2020-10-22,169.22
3407,2020-10-23,170.17
3408,2020-10-26,169.62
3409,2020-10-27,169.55
3410,2020-10-28,167.81
3411,2020-10-29,167.4
3412,2020-10-30,165.13
3413,2020-11-02,164.36
3414,2020-11-03,167.21
3415,2020-11-04,168.98
3416,2020-11-05,169.69
3417,2020-11-06,170.23
3418,2020-11-09,172.97
3419,2020-11-10,170.59
3420,2020-11-11,171.65
3421,2020-11-12,170.75
3422,2020-11-13,171.59
3423,2020-11-16,173.2
3424,2020-11-17,172.68
3425,2020-11-18,174.37
3426,2020-11-19,174.09
3427,2020-11-20,174.63
3428,2020-11-23,176.1
3429,2020-11-24,175.44
3430,2020-11-25,174.47
3431,2020-11-26,176.18
3432,2020-11-27,177.17
3433,2020-11-30,177.74
3434,2020-12-01,178.07
3435,2020-12-02,178.48
3436,2020-12-03,177.9
3437,2020-12-04,178.2
3438,2020-12-07,177.9
3439,2020-12-08,179.2
3440,2020-12-09,180.44
3441,2020-12-10,178.11
3442,2020-12-11,175.4
3443,2020-12-14,176.08
3444,2020-12-15,172.28
3445,2020-12-16,175.24
3446,2020-12-17,175.28
3447,2020-12-18,174.91
3448,2020-12-21,175.11
3449,2020-12-22,171.5
3450,2020-12-23,173.84
3451,2020-12-24,173.23
3452,2020-12-25,173.92
3453,2020-12-28,175.84
3454,2020-12-29,174.91
3455,2020-12-30,176.16
3456,2020-12-31,176.37
3457,2021-01-04,178.92
3458,2021-01-05,179.29
3459,2021-01-06,176.75
3460,2021-01-07,178.02
3461,2021-01-08,178.33
3462,2021-01-11,179.87
3463,2021-01-12,176.17
3464,2021-01-13,178.89
3465,2021-01-14,179.65
3466,2021-01-15,175.89
3467,2021-01-18,176.45
3468,2021-01-19,177.2
3469,2021-01-20,172.42
3470,2021-01-21,174.65
3471,2021-01-22,177.62
3472,2021-01-25,177.53
3473,2021-01-26,173.82
3474,2021-01-27,175.06
3475,2021-01-28,172.07
3476,2021-01-29,168.86
3477,2021-02-01,169.78
3478,2021-02-02,173.14
3479,2021-02-03,173.19
3480,2021-02-04,172.62
3481,2021-02-05,173.18
3482,2021-02-17,178.86
3483,2021-02-18,181.2
3484,2021-02-19,181.54
3485,2021-02-22,184.06
3486,2021-02-23,183.17
3487,2021-02-24,180.09
3488,2021-02-25,181.42
3489,2021-02-26,178.54
3490,2021-03-02,176.14
3491,2021-03-03,178.16
3492,2021-03-04,175.41
3493,2021-03-05,174.22
3494,2021-03-08,172.86
3495,2021-03-09,172.99
3496,2021-03-10,173.72
3497,2021-03-11,177.46
3498,2021-03-12,178.04
3499,2021-03-15,178.81
3500,2021-03-16,179.22
3501,2021-03-17,179.0
3502,2021-03-18,180.04
3503,2021-03-19,178.73
3504,2021-03-22,179.54
3505,2021-03-23,177.46
3506,2021-03-24,177.55
3507,2021-03-25,176.7
3508,2021-03-26,179.47
3509,2021-03-29,181.07
3510,2021-03-30,182.39
3511,2021-03-31,181.58
3512,2021-04-01,182.17
3513,2021-04-06,184.4
3514,2021-04-07,185.89
3515,2021-04-08,187.79
3516,2021-04-09,184.95
3517,2021-04-12,183.73
3518,2021-04-13,180.65
3519,2021-04-14,178.77
3520,2021-04-15,180.98
3521,2021-04-16,182.81
3522,2021-04-19,183.38
3523,2021-04-20,184.14
3524,2021-04-21,184.06
3525,2021-04-22,178.79
3526,2021-04-23,181.34
3527,2021-04-26,184.25
3528,2021-04-27,184.11
3529,2021-04-28,184.03
3530,2021-04-29,183.25
3531,2021-05-03,177.01
3532,2021-05-04,170.52
3533,2021-05-05,168.85
3534,2021-05-06,169.03
3535,2021-05-07,175.27
3536,2021-05-10,174.63
3537,2021-05-11,165.86
3538,2021-05-12,158.54
3539,2021-05-13,157.55
3540,2021-05-14,157.01
3541,2021-05-17,151.6
3542,2021-05-18,162.53
3543,2021-05-19,165.18
3544,2021-05-20,162.35
3545,2021-05-21,166.86
3546,2021-05-24,169.77
3547,2021-05-25,171.79
3548,2021-05-26,172.66
3549,2021-05-27,173.26
3550,2021-05-28,176.91
3551,2021-05-31,178.2
3552,2021-06-01,180.56
3553,2021-06-02,178.46
3554,2021-06-03,180.54
3555,2021-06-04,178.3
3556,2021-06-07,176.73
3557,2021-06-08,177.33
3558,2021-06-09,176.24
3559,2021-06-10,176.94
3560,2021-06-11,178.13
3561,2021-06-15,181.64
3562,2021-06-16,178.68
3563,2021-06-17,181.86
3564,2021-06-18,181.84
3565,2021-06-21,180.96
3566,2021-06-22,180.31
3567,2021-06-23,179.68
3568,2021-06-24,182.29
3569,2021-06-25,183.39
3570,2021-06-28,186.74
3571,2021-06-29,184.61
3572,2021-06-30,185.59
3573,2021-07-01,187.86
3574,2021-07-02,186.88
3575,2021-07-05,188.68
3576,2021-07-06,188.22
3577,2021-07-07,185.17
3578,2021-07-08,186.84
3579,2021-07-09,181.92
3580,2021-07-12,183.57
3581,2021-07-13,178.47
3582,2021-07-14,176.16
3583,2021-07-15,180.88
3584,2021-07-16,181.8
3585,2021-07-19,181.86
3586,2021-07-20,176.65
3587,2021-07-21,173.75
3588,2021-07-22,175.16
3589,2021-07-23,176.04
3590,2021-07-26,175.7
3591,2021-07-27,171.3
3592,2021-07-28,168.37
3593,2021-07-29,173.84
3594,2021-07-30,170.05
3595,2021-08-02,173.5
3596,2021-08-03,174.09
3597,2021-08-04,174.7
3598,2021-08-05,173.93
3599,2021-08-06,173.16
3600,2021-08-09,170.68
3601,2021-08-10,168.31
3602,2021-08-11,164.8
3603,2021-08-12,167.46
3604,2021-08-13,163.23
3605,2021-08-16,161.49
3606,2021-08-17,157.97
3607,2021-08-18,165.06
3608,2021-08-19,158.43
3609,2021-08-20,160.22
3610,2021-08-23,166.59
3611,2021-08-24,165.52
3612,2021-08-25,168.74
3613,2021-08-26,168.13
3614,2021-08-27,167.61
3615,2021-08-30,168.43
3616,2021-08-31,168.33
3617,2021-09-01,169.08
3618,2021-09-02,166.61
3619,2021-09-03,166.99
3620,2021-09-06,163.92
3621,2021-09-07,163.77
3622,2021-09-08,161.07
3623,2021-09-09,163.18
3624,2021-09-10,165.61
3625,2021-09-13,164.95
3626,2021-09-14,163.22
3627,2021-09-15,162.35
3628,2021-09-16,161.99
3629,2021-09-17,163.8
3630,2021-09-22,160.64
3631,2021-09-23,162.29
3632,2021-09-24,164.85
3633,2021-09-27,164.82
3634,2021-09-28,162.6
3635,2021-09-29,158.82
3636,2021-09-30,161.18
3637,2021-10-01,154.97
3638,2021-10-04,151.67
3639,2021-10-05,155.02
3640,2021-10-06,152.88
3641,2021-10-07,156.49
3642,2021-10-08,156.18
3643,2021-10-12,153.11
3644,2021-10-13,151.08
3645,2021-10-14,152.49
3646,2021-10-15,155.36
3647,2021-10-18,156.78
3648,2021-10-19,159.16
3649,2021-10-20,159.78
3650,2021-10-21,159.94
3651,2021-10-22,160.42
3652,2021-10-25,162.47
3653,2021-10-26,162.27
3654,2021-10-27,163.94
3655,2021-10-28,164.77
3656,2021-10-29,165.94
3657,2021-11-01,168.48
3658,2021-11-02,166.3
3659,2021-11-03,168.51
3660,2021-11-04,167.37
3661,2021-11-05,169.09
3662,2021-11-08,170.78
3663,2021-11-09,171.51
3664,2021-11-10,171.59
3665,2021-11-11,169.72
3666,2021-11-12,170.66
3667,2021-11-15,172.35
3668,2021-11-16,172.79
3669,2021-11-17,173.92
3670,2021-11-18,173.94
3671,2021-11-19,173.33
3672,2021-11-22,174.71
3673,2021-11-23,171.9
3674,2021-11-24,173.15
3675,2021-11-25,172.73
3676,2021-11-26,168.37
3677,2021-11-29,169.17
3678,2021-11-30,171.53
3679,2021-12-01,173.05
3680,2021-12-02,172.3
3681,2021-12-03,174.2
3682,2021-12-06,175.44
3683,2021-12-07,175.79
3684,2021-12-08,176.37
3685,2021-12-09,176.23
3686,2021-12-10,174.63
3687,2021-12-13,174.41
3688,2021-12-14,170.23
3689,2021-12-15,172.94
3690,2021-12-16,175.0
3691,2021-12-17,173.53
3692,2021-12-20,172.71
3693,2021-12-21,174.47
3694,2021-12-22,174.85
3695,2021-12-23,175.66
3696,2021-12-24,175.16
3697,2021-12-27,176.05
3698,2021-12-28,176.41
3699,2021-12-29,176.79
3700,2021-12-30,176.68
3701,2022-01-03,174.97
3702,2022-01-04,175.67
3703,2022-01-05,174.18
3704,2022-01-06,172.93
3705,2022-01-07,169.62
3706,2022-01-10,169.79
3707,2022-01-11,167.23
3708,2022-01-12,166.54
3709,2022-01-13,165.97
3710,2022-01-14,165.35
3711,2022-01-17,166.94
3712,2022-01-18,166.72
3713,2022-01-19,165.07
3714,2022-01-20,165.97
3715,2022-01-21,161.27
3716,2022-01-24,161.34
3717,2022-01-25,157.8
3718,2022-01-26,158.24
3719,2022-02-07,162.57
3720,2022-02-08,165.21
3721,2022-02-09,167.88
3722,2022-02-10,168.32
3723,2022-02-11,168.05
3724,2022-02-14,164.34
3725,2022-02-15,164.54
3726,2022-02-16,167.25
3727,2022-02-17,167.22
3728,2022-02-18,168.78
3729,2022-02-21,168.81
3730,2022-02-22,162.85
3731,2022-02-23,167.25
3732,2022-02-24,161.76
3733,2022-02-25,163.76
3734,2022-03-01,167.36
3735,2022-03-02,167.66
3736,2022-03-03,168.94
3737,2022-03-04,167.23
3738,2022-03-07,160.61
3739,2022-03-08,156.71
3740,2022-03-09,160.16
3741,2022-03-10,163.45
3742,2022-03-11,162.94
3743,2022-03-14,164.04
3744,2022-03-15,159.1
3745,2022-03-16,158.47
3746,2022-03-17,164.28
3747,2022-03-18,164.12
3748,2022-03-21,164.97
3749,2022-03-22,165.38
3750,2022-03-23,166.73
3751,2022-03-24,166.27
3752,2022-03-25,164.26
3753,2022-03-28,163.96
3754,2022-03-29,164.44
3755,2022-03-30,165.53
3756,2022-03-31,164.27
3757,2022-04-01,164.67
3758,2022-04-06,163.44
3759,2022-04-07,158.71
3760,2022-04-08,160.96
3761,2022-04-11,157.51
3762,2022-04-12,157.11
3763,2022-04-13,159.92
3764,2022-04-14,159.98
3765,2022-04-15,157.82
3766,2022-04-18,156.47
3767,2022-04-19,158.02
3768,2022-04-20,159.29
3769,2022-04-21,160.01
3770,2022-04-22,158.47
3771,2022-04-25,153.12
3772,2022-04-26,152.74
3773,2022-04-27,151.91
3774,2022-04-28,152.79
3775,2022-04-29,154.71
3776,2022-05-03,155.06
3777,2022-05-04,156.48
3778,2022-05-05,158.52
3779,2022-05-06,156.36
3780,2022-05-09,151.82
3781,2022-05-10,153.83
3782,2022-05-11,152.49
3783,2022-05-12,149.19
3784,2022-05-13,152.77
3785,2022-05-16,152.39
3786,2022-05-17,154.38
3787,2022-05-18,156.13
3788,2022-05-19,155.09
3789,2022-05-20,155.59
3790,2022-05-23,156.74
3791,2022-05-24,153.96
3792,2022-05-25,156.09
3793,2022-05-26,154.66
3794,2022-05-27,157.11
3795,2022-05-30,160.12
3796,2022-05-31,160.53
3797,2022-06-01,161.3
3798,2022-06-02,160.41
3799,2022-06-06,160.38
3800,2022-06-07,160.37
3801,2022-06-08,160.9
3802,2022-06-09,160.58
3803,2022-06-10,159.72
3804,2022-06-13,155.29
3805,2022-06-14,155.26
3806,2022-06-15,154.35
3807,2022-06-16,150.6
3808,2022-06-17,149.87
3809,2022-06-20,145.41
3810,2022-06-21,150.26
3811,2022-06-22,145.79
3812,2022-06-23,145.52
3813,2022-06-24,147.64
3814,2022-06-27,151.7
3815,2022-06-28,149.82
3816,2022-06-29,148.02
3817,2022-06-30,144.14
3818,2022-07-01,139.48
3819,2022-07-04,140.74
3820,2022-07-05,144.01
3821,2022-07-06,140.09
3822,2022-07-07,144.68
3823,2022-07-08,147.15
3824,2022-07-11,146.34
3825,2022-07-12,141.68
3826,2022-07-13,145.19
3827,2022-07-14,148.07
3828,2022-07-15,149.16
3829,2022-07-18,151.47
3830,2022-07-19,151.73
3831,2022-07-20,152.36
3832,2022-07-21,155.26
3833,2022-07-22,154.87
3834,2022-07-25,154.43
3835,2022-07-26,152.06
3836,2022-07-27,153.57
3837,2022-07-28,152.13
3838,2022-07-29,153.81
3839,2022-08-01,153.94
3840,2022-08-02,150.84
3841,2022-08-03,149.57
3842,2022-08-04,148.95
3843,2022-08-05,152.93
3844,2022-08-08,153.23
3845,2022-08-09,153.77
3846,2022-08-10,152.99
3847,2022-08-11,154.7
3848,2022-08-12,156.46
3849,2022-08-15,158.1
3850,2022-08-16,157.74
3851,2022-08-17,158.23
3852,2022-08-18,159.11
3853,2022-08-19,159.81
3854,2022-08-22,157.92
3855,2022-08-23,157.0
3856,2022-08-24,156.83
3857,2022-08-25,158.95
3858,2022-08-26,159.69
3859,2022-08-29,155.78
3860,2022-08-30,157.44
3861,2022-08-31,159.13
3862,2022-09-01,156.31
3863,2022-09-02,155.74
3864,2022-09-05,153.57
3865,2022-09-06,151.74
3866,2022-09-07,146.24
3867,2022-09-08,148.85
3868,2022-09-12,151.08
3869,2022-09-13,151.3
3870,2022-09-14,150.71
3871,2022-09-15,150.38
3872,2022-09-16,148.94
3873,2022-09-19,150.84
3874,2022-09-20,152.06
3875,2022-09-21,150.93
3876,2022-09-22,150.94
3877,2022-09-23,148.49
3878,2022-09-26,143.19
3879,2022-09-27,145.46
3880,2022-09-28,139.71
3881,2022-09-29,140.05
3882,2022-09-30,141.71
3883,2022-10-03,141.37
3884,2022-10-04,145.4
3885,2022-10-05,146.34
3886,2022-10-06,147.64
3887,2022-10-07,146.17
3888,2022-10-11,141.93
3889,2022-10-12,142.11
3890,2022-10-13,137.47
3891,2022-10-14,142.9
3892,2022-10-17,142.38
3893,2022-10-18,143.85
3894,2022-10-19,143.25
3895,2022-10-20,141.37
3896,2022-10-21,139.35
3897,2022-10-24,140.73
3898,2022-10-25,139.1
3899,2022-10-26,138.68
3900,2022-10-27,142.56
3901,2022-10-28,139.98
3902,2022-10-31,143.54
3903,2022-11-01,145.37
3904,2022-11-02,147.03
3905,2022-11-03,147.63
3906,2022-11-04,149.08
3907,2022-11-07,150.99
3908,2022-11-08,151.18
3909,2022-11-09,153.78
3910,2022-11-10,152.91
3911,2022-11-11,155.48
3912,2022-11-14,157.38
3913,2022-11-15,158.95
3914,2022-11-16,159.13
3915,2022-11-17,160.19
3916,2022-11-18,158.89
3917,2022-11-21,158.38
3918,2022-11-22,157.93
3919,2022-11-23,159.1
3920,2022-11-24,161.29
3921,2022-11-25,159.94
3922,2022-11-28,159.95
3923,2022-11-29,160.68
3924,2022-11-30,162.8
3925,2022-12-01,164.26
3926,2022-12-02,165.13
3927,2022-12-05,166.22
3928,2022-12-06,162.67
3929,2022-12-07,159.76
3930,2022-12-08,160.54
3931,2022-12-09,160.98
3932,2022-12-12,160.34
3933,2022-12-13,159.6
3934,2022-12-14,162.07
3935,2022-12-15,162.37
3936,2022-12-16,160.24
3937,2022-12-19,159.04
3938,2022-12-20,154.55
3939,2022-12-21,155.48
3940,2022-12-22,157.62
3941,2022-12-23,157.04
3942,2022-12-26,156.57
3943,2022-12-27,157.61
3944,2022-12-28,154.78
3945,2022-12-29,154.75
3946,2022-12-30,155.14
3947,2023-01-03,157.01
3948,2023-01-04,157.26
3949,2023-01-05,157.28
3950,2023-01-06,158.61
3951,2023-01-09,160.83
3952,2023-01-10,160.57
3953,2023-01-11,160.45
3954,2023-01-12,159.45
3955,2023-01-13,158.5
3956,2023-01-16,160.04
3957,2023-01-17,160.55
3958,2023-01-30,164.81
3959,2023-01-31,166.07
3960,2023-02-01,167.87
3961,2023-02-02,169.87
3962,2023-02-03,168.81
3963,2023-02-06,167.81
3964,2023-02-07,168.64
3965,2023-02-08,170.21
3966,2023-02-09,169.89
3967,2023-02-10,167.66
3968,2023-02-13,166.83
3969,2023-02-14,167.71
3970,2023-02-15,167.6
3971,2023-02-16,170.2
3972,2023-02-17,170.22
3973,2023-02-20,171.69
3974,2023-02-21,172.53
3975,2023-02-22,170.0
3976,2023-02-23,172.57
3977,2023-02-24,170.82
3978,2023-03-01,171.13
3979,2023-03-02,171.7
3980,2023-03-03,172.09
3981,2023-03-06,174.27
3982,2023-03-07,174.44
3983,2023-03-08,174.4
3984,2023-03-09,173.57
3985,2023-03-10,169.58
3986,2023-03-13,169.38
3987,2023-03-14,167.48
3988,2023-03-15,168.2
3989,2023-03-16,165.84
3990,2023-03-17,168.64
3991,2023-03-20,169.63
3992,2023-03-21,170.26
3993,2023-03-22,172.01
3994,2023-03-23,172.52
3995,2023-03-24,172.87
3996,2023-03-27,172.35
3997,2023-03-28,169.45
3998,2023-03-29,169.64
3999,2023-03-30,170.81
4000,2023-03-31,171.46
4001,2023-04-06,171.46
4002,2023-04-07,172.12
4003,2023-04-10,173.17
4004,2023-04-11,173.64
4005,2023-04-12,174.54
4006,2023-04-13,172.84
4007,2023-04-14,173.75
4008,2023-04-17,175.06
4009,2023-04-18,173.42
4010,2023-04-19,172.96
4011,2023-04-20,169.84
4012,2023-04-21,166.24
4013,2023-04-24,167.67
4014,2023-04-25,163.38
4015,2023-04-26,164.05
4016,2023-04-27,164.95
4017,2023-04-28,167.53
4018,2023-05-02,169.6
4019,2023-05-03,167.98
4020,2023-05-04,168.71
4021,2023-05-05,168.92
4022,2023-05-08,169.21
4023,2023-05-09,167.03
4024,2023-05-10,167.46
4025,2023-05-11,163.87
4026,2023-05-12,165.83
4027,2023-05-15,164.33
4028,2023-05-16,166.25
4029,2023-05-17,168.38
4030,2023-05-18,169.71
4031,2023-05-19,169.88
4032,2023-05-22,171.05
4033,2023-05-23,171.81
4034,2023-05-24,171.51
4035,2023-05-25,171.33
4036,2023-05-26,170.81
4037,2023-05-29,173.67
4038,2023-05-30,172.6
4039,2023-05-31,173.25
4040,2023-06-01,174.04
4041,2023-06-02,174.7
4042,2023-06-05,175.63
4043,2023-06-06,174.47
4044,2023-06-07,175.71
4045,2023-06-08,173.32
4046,2023-06-09,175.18
4047,2023-06-12,174.35
4048,2023-06-13,176.29
4049,2023-06-14,176.77
4050,2023-06-15,178.18
4051,2023-06-16,177.84
4052,2023-06-19,177.61
4053,2023-06-20,176.85
4054,2023-06-21,177.36
4055,2023-06-26,175.8
4056,2023-06-27,172.96
4057,2023-06-28,173.84
4058,2023-06-29,175.66
4059,2023-06-30,176.43
4060,2023-07-03,179.09
4061,2023-07-04,179.78
4062,2023-07-05,178.53
4063,2023-07-06,177.25
4064,2023-07-07,175.57
4065,2023-07-10,175.03
4066,2023-07-11,176.62
4067,2023-07-12,177.16
4068,2023-07-13,177.27
4069,2023-07-14,180.24
4070,2023-07-17,180.55
4071,2023-07-18,177.98
4072,2023-07-19,176.88
4073,2023-07-20,178.85
4074,2023-07-21,180.25
4075,2023-07-24,180.19
4076,2023-07-25,180.72
4077,2023-07-26,178.66
4078,2023-07-27,179.71
4079,2023-07-28,181.22
4080,2023-07-31,176.79
4081,2023-08-01,174.93
4082,2023-08-02,170.1
4083,2023-08-04,171.13
4084,2023-08-07,174.78
4085,2023-08-08,173.51
4086,2023-08-09,171.74
4087,2023-08-10,165.74
4088,2023-08-11,166.33
4089,2023-08-14,163.72
4090,2023-08-15,166.93
4091,2023-08-16,169.08
4092,2023-08-17,170.96
4093,2023-08-18,167.35
4094,2023-08-21,168.06
4095,2023-08-22,168.23
4096,2023-08-23,169.16
4097,2023-08-24,169.28
4098,2023-08-25,166.8
4099,2023-08-28,166.26
4100,2023-08-29,168.49
4101,2023-08-30,170.19
4102,2023-08-31,171.12
4103,2023-09-01,170.14
4104,2023-09-04,171.23
4105,2023-09-05,172.52
4106,2023-09-06,172.29
4107,2023-09-07,171.04
4108,2023-09-08,169.53
4109,2023-09-11,166.42
4110,2023-09-12,166.66
4111,2023-09-13,167.88
4112,2023-09-14,170.65
4113,2023-09-15,170.82
4114,2023-09-18,169.4
4115,2023-09-19,167.58
4116,2023-09-20,165.83
4117,2023-09-21,163.96
4118,2023-09-22,166.37
4119,2023-09-25,168.12
4120,2023-09-26,166.22
4121,2023-09-27,166.99
4122,2023-09-28,167.66
4123,2023-10-02,170.58
4124,2023-10-03,168.55
4125,2023-10-04,167.76
4126,2023-10-05,169.53
4127,2023-10-06,169.56
4128,2023-10-11,166.96
4129,2023-10-12,169.96
4130,2023-10-13,168.51
4131,2023-10-16,166.76
4132,2023-10-17,165.71
4133,2023-10-18,162.62
4134,2023-10-19,163.39
4135,2023-10-20,162.2
4136,2023-10-23,161.37
4137,2023-10-24,163.81
4138,2023-10-25,164.91
4139,2023-10-26,161.3
4140,2023-10-27,161.91
4141,2023-10-30,162.88
4142,2023-10-31,158.82
4143,2023-11-01,160.35
4144,2023-11-02,164.18
4145,2023-11-03,164.44
4146,2023-11-06,167.35
4147,2023-11-07,167.42
4148,2023-11-08,168.15
4149,2023-11-09,167.66
4150,2023-11-10,166.23
4151,2023-11-13,166.96
4152,2023-11-14,168.11
4153,2023-11-15,168.88
4154,2023-11-16,169.33
4155,2023-11-17,170.66
4156,2023-11-20,171.27
4157,2023-11-21,172.08
4158,2023-11-22,172.15
4159,2023-11-23,171.01
4160,2023-11-24,170.96
4161,2023-11-27,168.46
4162,2023-11-28,171.57
4163,2023-11-29,172.59
4164,2023-11-30,172.92
4165,2023-12-01,173.23
4166,2023-12-04,172.43
4167,2023-12-05,171.19
4168,2023-12-06,171.85
4169,2023-12-07,171.11
4170,2023-12-08,172.12
4171,2023-12-11,171.92
4172,2023-12-12,171.57
4173,2023-12-13,171.69
4174,2023-12-14,172.29
4175,2023-12-15,171.01
4176,2023-12-18,170.33
4177,2023-12-19,169.11
4178,2023-12-20,170.32
4179,2023-12-21,169.58
4180,2023-12-22,170.62
4181,2023-12-25,170.06
